-- Adminer 5.4.1 MySQL 8.0.40 dump

SET NAMES utf8;
SET time_zone = '+00:00';
SET foreign_key_checks = 0;
SET sql_mode = 'NO_AUTO_VALUE_ON_ZERO';

SET NAMES utf8mb4;

DROP TABLE IF EXISTS `tb_booking`;
CREATE TABLE `tb_booking` (
  `id` int NOT NULL AUTO_INCREMENT,
  `userId` int NOT NULL,
  `fasilitasId` int NOT NULL,
  `tarifId` int NOT NULL,
  `snapshot_nama_sesi` varchar(100) CHARACTER SET utf8mb4 COLLATE utf8mb4_unicode_ci DEFAULT NULL,
  `snapshot_jam_mulai` time DEFAULT NULL,
  `snapshot_jam_selesai` time DEFAULT NULL,
  `nomor_unit` int DEFAULT NULL,
  `tanggal_booking` date NOT NULL,
  `arrival_time` datetime(3) NOT NULL,
  `start_time` datetime(3) DEFAULT NULL,
  `burst_time` int NOT NULL COMMENT 'Durasi sesi penuh dalam menit (BT Sesi)',
  `completion_time` datetime(3) DEFAULT NULL,
  `turnaround_time` int DEFAULT NULL,
  `waiting_time` int DEFAULT NULL,
  `response_time` int DEFAULT '0',
  `total_biaya` decimal(15,2) NOT NULL COMMENT 'Harga flat per sesi',
  `status_booking` enum('PENDING','APPROVED','WAITING_VERIFICATION','CONFIRMED','CANCELED') CHARACTER SET utf8mb4 COLLATE utf8mb4_unicode_ci DEFAULT 'PENDING' COMMENT 'Status alur: PENDING (Cek Berkas) -> APPROVED (Siap Bayar) -> WAITING_VERIFICATION (Cek Uang) -> CONFIRMED (Selesai)',
  `createdAt` datetime(3) NOT NULL DEFAULT CURRENT_TIMESTAMP(3),
  `updatedAt` datetime(3) NOT NULL DEFAULT CURRENT_TIMESTAMP(3) ON UPDATE CURRENT_TIMESTAMP(3),
  PRIMARY KEY (`id`),
  KEY `tb_booking_userId_fkey` (`userId`),
  KEY `fk_booking_tarif` (`tarifId`),
  KEY `idx_fcfs_queue_lookup` (`fasilitasId`,`tarifId`,`tanggal_booking`,`status_booking`),
  CONSTRAINT `fk_booking_tarif` FOREIGN KEY (`tarifId`) REFERENCES `tb_fasilitas_tarif` (`id`),
  CONSTRAINT `tb_booking_fasilitasId_fkey` FOREIGN KEY (`fasilitasId`) REFERENCES `tb_fasilitas` (`id`) ON DELETE RESTRICT ON UPDATE CASCADE,
  CONSTRAINT `tb_booking_userId_fkey` FOREIGN KEY (`userId`) REFERENCES `tb_user` (`id`) ON DELETE RESTRICT ON UPDATE CASCADE
) ENGINE=InnoDB DEFAULT CHARSET=utf8mb4 COLLATE=utf8mb4_unicode_ci;

INSERT INTO `tb_booking` (`id`, `userId`, `fasilitasId`, `tarifId`, `snapshot_nama_sesi`, `snapshot_jam_mulai`, `snapshot_jam_selesai`, `nomor_unit`, `tanggal_booking`, `arrival_time`, `start_time`, `burst_time`, `completion_time`, `turnaround_time`, `waiting_time`, `response_time`, `total_biaya`, `status_booking`, `createdAt`, `updatedAt`) VALUES
(1,	17,	1,	71,	'Event / Keperluan Lain',	'08:00:00',	'22:00:00',	1,	'2026-03-13',	'2026-03-06 04:29:23.262',	'2026-03-13 08:00:00.000',	840,	'2026-03-13 22:00:00.000',	11131,	10291,	10291,	7600000.00,	'CANCELED',	'2026-03-06 04:29:23.262',	'2026-03-06 05:29:23.262'),
(2,	18,	1,	68,	'Sesi I',	'08:00:00',	'12:00:00',	1,	'2026-03-07',	'2026-02-25 13:04:16.206',	'2026-03-07 08:00:00.000',	240,	'2026-03-07 12:00:00.000',	14336,	14096,	14096,	150000.00,	'CONFIRMED',	'2026-02-25 13:04:16.206',	'2026-02-25 14:04:16.206'),
(3,	18,	1,	69,	'Sesi II',	'13:00:00',	'17:00:00',	1,	'2026-03-06',	'2026-02-24 16:27:03.988',	'2026-03-06 13:00:00.000',	240,	'2026-03-06 17:00:00.000',	14433,	14193,	14193,	150000.00,	'CANCELED',	'2026-02-24 16:27:03.988',	'2026-02-24 17:27:03.988'),
(4,	22,	6,	82,	'Sesi II',	'13:00:00',	'17:00:00',	1,	'2026-03-06',	'2026-02-25 08:32:44.374',	'2026-03-06 13:00:00.000',	240,	'2026-03-06 17:00:00.000',	13467,	13227,	13227,	135000.00,	'CONFIRMED',	'2026-02-25 08:32:44.374',	'2026-02-25 09:32:44.374'),
(5,	12,	6,	81,	'Sesi I',	'08:00:00',	'12:00:00',	1,	'2026-02-17',	'2026-02-12 17:49:00.392',	'2026-02-17 08:00:00.000',	240,	'2026-02-17 12:00:00.000',	6851,	6611,	6611,	135000.00,	'CANCELED',	'2026-02-12 17:49:00.392',	'2026-02-12 18:49:00.392'),
(6,	22,	6,	82,	'Sesi II',	'13:00:00',	'17:00:00',	1,	'2026-01-17',	'2026-01-09 15:39:44.533',	'2026-01-17 13:00:00.000',	240,	'2026-01-17 17:00:00.000',	11600,	11360,	11360,	135000.00,	'CONFIRMED',	'2026-01-09 15:39:44.533',	'2026-01-09 16:39:44.533'),
(7,	7,	1,	68,	'Sesi I',	'08:00:00',	'12:00:00',	1,	'2026-02-26',	'2026-02-22 12:49:48.182',	'2026-02-26 08:00:00.000',	240,	'2026-02-26 12:00:00.000',	5710,	5470,	5470,	150000.00,	'CONFIRMED',	'2026-02-22 12:49:48.182',	'2026-02-22 13:49:48.182'),
(8,	16,	1,	68,	'Sesi I',	'08:00:00',	'12:00:00',	1,	'2026-04-06',	'2026-03-28 08:41:40.532',	'2026-04-06 08:00:00.000',	240,	'2026-04-06 12:00:00.000',	13158,	12918,	12918,	150000.00,	'CONFIRMED',	'2026-03-28 08:41:40.532',	'2026-03-28 09:41:40.532'),
(9,	9,	1,	71,	'Event / Keperluan Lain',	'08:00:00',	'22:00:00',	1,	'2026-03-17',	'2026-03-11 03:12:25.194',	'2026-03-17 08:00:00.000',	840,	'2026-03-17 22:00:00.000',	9768,	8928,	8928,	7600000.00,	'CONFIRMED',	'2026-03-11 03:12:25.194',	'2026-03-11 04:12:25.194'),
(10,	10,	1,	68,	'Sesi I',	'08:00:00',	'12:00:00',	1,	'2026-04-28',	'2026-04-25 22:16:34.233',	'2026-04-28 08:00:00.000',	240,	'2026-04-28 12:00:00.000',	3703,	3463,	3463,	150000.00,	'CONFIRMED',	'2026-04-25 22:16:34.233',	'2026-04-25 23:16:34.233'),
(11,	20,	1,	68,	'Sesi I',	'08:00:00',	'12:00:00',	1,	'2026-03-05',	'2026-02-28 14:06:27.386',	'2026-03-05 08:00:00.000',	240,	'2026-03-05 12:00:00.000',	7074,	6834,	6834,	150000.00,	'CONFIRMED',	'2026-02-28 14:06:27.386',	'2026-02-28 15:06:27.386'),
(12,	25,	1,	69,	'Sesi II',	'13:00:00',	'17:00:00',	1,	'2026-01-08',	'2026-01-04 08:44:11.020',	'2026-01-08 13:00:00.000',	240,	'2026-01-08 17:00:00.000',	6256,	6016,	6016,	150000.00,	'CONFIRMED',	'2026-01-04 08:44:11.020',	'2026-01-04 09:44:11.020'),
(13,	23,	6,	81,	'Sesi I',	'08:00:00',	'12:00:00',	1,	'2026-03-30',	'2026-03-29 17:55:20.475',	'2026-03-30 08:00:00.000',	240,	'2026-03-30 12:00:00.000',	1085,	845,	845,	135000.00,	'CONFIRMED',	'2026-03-29 17:55:20.475',	'2026-03-29 18:55:20.475'),
(14,	24,	1,	68,	'Sesi I',	'08:00:00',	'12:00:00',	1,	'2026-03-28',	'2026-03-23 03:58:25.443',	'2026-03-28 08:00:00.000',	240,	'2026-03-28 12:00:00.000',	7682,	7442,	7442,	150000.00,	'CONFIRMED',	'2026-03-23 03:58:25.443',	'2026-03-23 04:58:25.443'),
(15,	21,	4,	84,	'Sesi I',	'08:00:00',	'12:00:00',	1,	'2026-02-27',	'2026-02-26 10:23:42.738',	'2026-02-27 08:00:00.000',	240,	'2026-02-27 12:00:00.000',	1536,	1296,	1296,	120000.00,	'CONFIRMED',	'2026-02-26 10:23:42.738',	'2026-02-26 11:23:42.738'),
(16,	17,	1,	69,	'Sesi II',	'13:00:00',	'17:00:00',	1,	'2026-01-31',	'2026-01-23 16:46:23.205',	'2026-01-31 13:00:00.000',	240,	'2026-01-31 17:00:00.000',	11534,	11294,	11294,	150000.00,	'CONFIRMED',	'2026-01-23 16:46:23.205',	'2026-01-23 17:46:23.205'),
(17,	24,	4,	84,	'Sesi I',	'08:00:00',	'12:00:00',	1,	'2026-01-15',	'2026-01-06 11:02:28.257',	'2026-01-15 08:00:00.000',	240,	'2026-01-15 12:00:00.000',	13018,	12778,	12778,	120000.00,	'CONFIRMED',	'2026-01-06 11:02:28.257',	'2026-01-06 12:02:28.257'),
(18,	6,	6,	82,	'Sesi II',	'13:00:00',	'17:00:00',	1,	'2026-02-10',	'2026-02-04 03:49:44.991',	'2026-02-10 13:00:00.000',	240,	'2026-02-10 17:00:00.000',	9430,	9190,	9190,	135000.00,	'CONFIRMED',	'2026-02-04 03:49:44.991',	'2026-02-04 04:49:44.991'),
(19,	16,	1,	69,	'Sesi II',	'13:00:00',	'17:00:00',	1,	'2026-01-21',	'2026-01-13 09:57:09.264',	'2026-01-21 13:00:00.000',	240,	'2026-01-21 17:00:00.000',	11943,	11703,	11703,	150000.00,	'CANCELED',	'2026-01-13 09:57:09.264',	'2026-01-13 10:57:09.264'),
(20,	9,	4,	84,	'Sesi I',	'08:00:00',	'12:00:00',	1,	'2026-02-11',	'2026-02-02 07:01:03.121',	'2026-02-11 08:00:00.000',	240,	'2026-02-11 12:00:00.000',	13259,	13019,	13019,	120000.00,	'CANCELED',	'2026-02-02 07:01:03.121',	'2026-02-02 08:01:03.121'),
(21,	4,	1,	68,	'Sesi I',	'08:00:00',	'12:00:00',	1,	'2026-04-27',	'2026-04-20 09:11:18.174',	'2026-04-27 08:00:00.000',	240,	'2026-04-27 12:00:00.000',	10249,	10009,	10009,	150000.00,	'CONFIRMED',	'2026-04-20 09:11:18.174',	'2026-04-20 10:11:18.174'),
(22,	24,	4,	84,	'Sesi I',	'08:00:00',	'12:00:00',	1,	'2026-03-01',	'2026-02-24 07:26:54.665',	'2026-03-01 08:00:00.000',	240,	'2026-03-01 12:00:00.000',	7473,	7233,	7233,	120000.00,	'CONFIRMED',	'2026-02-24 07:26:54.665',	'2026-02-24 08:26:54.665'),
(23,	22,	6,	81,	'Sesi I',	'08:00:00',	'12:00:00',	1,	'2026-03-05',	'2026-03-01 00:57:21.664',	'2026-03-05 08:00:00.000',	240,	'2026-03-05 12:00:00.000',	6423,	6183,	6183,	135000.00,	'CONFIRMED',	'2026-03-01 00:57:21.664',	'2026-03-01 01:57:21.664'),
(24,	10,	4,	84,	'Sesi I',	'08:00:00',	'12:00:00',	1,	'2026-03-12',	'2026-03-03 19:02:10.379',	'2026-03-12 08:00:00.000',	240,	'2026-03-12 12:00:00.000',	12538,	12298,	12298,	120000.00,	'CANCELED',	'2026-03-03 19:02:10.379',	'2026-03-03 20:02:10.379'),
(25,	4,	1,	69,	'Sesi II',	'13:00:00',	'17:00:00',	1,	'2026-01-15',	'2026-01-10 01:33:05.318',	'2026-01-15 13:00:00.000',	240,	'2026-01-15 17:00:00.000',	8127,	7887,	7887,	150000.00,	'CANCELED',	'2026-01-10 01:33:05.318',	'2026-01-10 02:33:05.318'),
(26,	19,	1,	71,	'Event / Keperluan Lain',	'08:00:00',	'22:00:00',	1,	'2026-04-16',	'2026-04-14 19:33:32.849',	'2026-04-16 08:00:00.000',	840,	'2026-04-16 22:00:00.000',	3026,	2186,	2186,	7600000.00,	'CANCELED',	'2026-04-14 19:33:32.849',	'2026-04-14 20:33:32.849'),
(27,	20,	1,	71,	'Event / Keperluan Lain',	'08:00:00',	'22:00:00',	1,	'2026-02-21',	'2026-02-12 19:52:21.534',	'2026-02-21 08:00:00.000',	840,	'2026-02-21 22:00:00.000',	13088,	12248,	12248,	7600000.00,	'CANCELED',	'2026-02-12 19:52:21.534',	'2026-02-12 20:52:21.534'),
(28,	17,	6,	82,	'Sesi II',	'13:00:00',	'17:00:00',	1,	'2026-03-11',	'2026-03-08 01:42:44.532',	'2026-03-11 13:00:00.000',	240,	'2026-03-11 17:00:00.000',	5237,	4997,	4997,	135000.00,	'CONFIRMED',	'2026-03-08 01:42:44.532',	'2026-03-08 02:42:44.532'),
(29,	17,	1,	69,	'Sesi II',	'13:00:00',	'17:00:00',	1,	'2026-01-11',	'2026-01-05 03:45:06.558',	'2026-01-11 13:00:00.000',	240,	'2026-01-11 17:00:00.000',	9435,	9195,	9195,	150000.00,	'CONFIRMED',	'2026-01-05 03:45:06.558',	'2026-01-05 04:45:06.558'),
(30,	5,	1,	71,	'Event / Keperluan Lain',	'08:00:00',	'22:00:00',	1,	'2026-04-04',	'2026-03-31 14:22:55.876',	'2026-04-04 08:00:00.000',	840,	'2026-04-04 22:00:00.000',	6217,	5377,	5377,	7600000.00,	'CONFIRMED',	'2026-03-31 14:22:55.876',	'2026-03-31 15:22:55.876'),
(31,	6,	1,	68,	'Sesi I',	'08:00:00',	'12:00:00',	1,	'2026-01-17',	'2026-01-14 17:35:10.259',	'2026-01-17 08:00:00.000',	240,	'2026-01-17 12:00:00.000',	3985,	3745,	3745,	150000.00,	'CANCELED',	'2026-01-14 17:35:10.259',	'2026-01-14 18:35:10.259'),
(32,	14,	6,	82,	'Sesi II',	'13:00:00',	'17:00:00',	1,	'2026-02-09',	'2026-02-03 21:50:34.558',	'2026-02-09 13:00:00.000',	240,	'2026-02-09 17:00:00.000',	8349,	8109,	8109,	135000.00,	'CONFIRMED',	'2026-02-03 21:50:34.558',	'2026-02-03 22:50:34.558'),
(33,	5,	1,	69,	'Sesi II',	'13:00:00',	'17:00:00',	1,	'2026-01-23',	'2026-01-19 01:25:35.275',	'2026-01-23 13:00:00.000',	240,	'2026-01-23 17:00:00.000',	6694,	6454,	6454,	150000.00,	'CONFIRMED',	'2026-01-19 01:25:35.275',	'2026-01-19 02:25:35.275'),
(34,	3,	1,	68,	'Sesi I',	'08:00:00',	'12:00:00',	1,	'2026-04-11',	'2026-04-04 08:59:57.528',	'2026-04-11 08:00:00.000',	240,	'2026-04-11 12:00:00.000',	10260,	10020,	10020,	150000.00,	'CONFIRMED',	'2026-04-04 08:59:57.528',	'2026-04-04 09:59:57.528'),
(35,	16,	6,	81,	'Sesi I',	'08:00:00',	'12:00:00',	1,	'2026-04-28',	'2026-04-25 02:19:21.159',	'2026-04-28 08:00:00.000',	240,	'2026-04-28 12:00:00.000',	4901,	4661,	4661,	135000.00,	'CONFIRMED',	'2026-04-25 02:19:21.159',	'2026-04-25 03:19:21.159'),
(36,	8,	1,	69,	'Sesi II',	'13:00:00',	'17:00:00',	1,	'2026-01-16',	'2026-01-11 09:01:12.336',	'2026-01-16 13:00:00.000',	240,	'2026-01-16 17:00:00.000',	7679,	7439,	7439,	150000.00,	'CANCELED',	'2026-01-11 09:01:12.336',	'2026-01-11 10:01:12.336'),
(37,	13,	1,	69,	'Sesi II',	'13:00:00',	'17:00:00',	1,	'2026-03-26',	'2026-03-17 07:24:10.766',	'2026-03-26 13:00:00.000',	240,	'2026-03-26 17:00:00.000',	13536,	13296,	13296,	150000.00,	'CONFIRMED',	'2026-03-17 07:24:10.766',	'2026-03-17 08:24:10.766'),
(38,	4,	1,	69,	'Sesi II',	'13:00:00',	'17:00:00',	1,	'2026-01-26',	'2026-01-25 21:35:48.461',	'2026-01-26 13:00:00.000',	240,	'2026-01-26 17:00:00.000',	1164,	924,	924,	150000.00,	'CANCELED',	'2026-01-25 21:35:48.461',	'2026-01-25 22:35:48.461'),
(39,	22,	6,	82,	'Sesi II',	'13:00:00',	'17:00:00',	1,	'2026-04-28',	'2026-04-28 06:18:28.230',	'2026-04-28 13:00:00.000',	240,	'2026-04-28 17:00:00.000',	642,	402,	402,	135000.00,	'CONFIRMED',	'2026-04-28 06:18:28.230',	'2026-04-28 07:18:28.230'),
(40,	10,	1,	71,	'Event / Keperluan Lain',	'08:00:00',	'22:00:00',	1,	'2026-01-29',	'2026-01-28 08:05:16.246',	'2026-01-29 08:00:00.000',	840,	'2026-01-29 22:00:00.000',	2275,	1435,	1435,	7600000.00,	'CANCELED',	'2026-01-28 08:05:16.246',	'2026-01-28 09:05:16.246'),
(41,	14,	6,	82,	'Sesi II',	'13:00:00',	'17:00:00',	2,	'2026-04-28',	'2026-04-24 04:35:09.887',	'2026-04-28 13:00:00.000',	240,	'2026-04-28 17:00:00.000',	6505,	6265,	6265,	135000.00,	'CONFIRMED',	'2026-04-24 04:35:09.887',	'2026-04-24 05:35:09.887'),
(42,	23,	6,	81,	'Sesi I',	'08:00:00',	'12:00:00',	1,	'2026-04-19',	'2026-04-16 10:39:21.076',	'2026-04-19 08:00:00.000',	240,	'2026-04-19 12:00:00.000',	4401,	4161,	4161,	135000.00,	'CANCELED',	'2026-04-16 10:39:21.076',	'2026-04-16 11:39:21.076'),
(43,	7,	6,	82,	'Sesi II',	'13:00:00',	'17:00:00',	1,	'2026-01-20',	'2026-01-18 11:47:56.017',	'2026-01-20 13:00:00.000',	240,	'2026-01-20 17:00:00.000',	3192,	2952,	2952,	135000.00,	'CONFIRMED',	'2026-01-18 11:47:56.017',	'2026-01-18 12:47:56.017'),
(44,	13,	1,	68,	'Sesi I',	'08:00:00',	'12:00:00',	1,	'2026-03-06',	'2026-02-24 07:39:36.230',	'2026-03-06 08:00:00.000',	240,	'2026-03-06 12:00:00.000',	14660,	14420,	14420,	150000.00,	'CONFIRMED',	'2026-02-24 07:39:36.230',	'2026-02-24 08:39:36.230'),
(45,	24,	4,	84,	'Sesi I',	'08:00:00',	'12:00:00',	1,	'2026-02-01',	'2026-01-31 16:41:50.973',	'2026-02-01 08:00:00.000',	240,	'2026-02-01 12:00:00.000',	1158,	918,	918,	120000.00,	'CONFIRMED',	'2026-01-31 16:41:50.973',	'2026-01-31 17:41:50.973'),
(46,	10,	4,	84,	'Sesi I',	'08:00:00',	'12:00:00',	1,	'2026-03-17',	'2026-03-15 15:21:26.989',	'2026-03-17 08:00:00.000',	240,	'2026-03-17 12:00:00.000',	2679,	2439,	2439,	120000.00,	'CONFIRMED',	'2026-03-15 15:21:26.989',	'2026-03-15 16:21:26.989'),
(47,	3,	6,	82,	'Sesi II',	'13:00:00',	'17:00:00',	1,	'2026-03-13',	'2026-03-12 04:09:19.530',	'2026-03-13 13:00:00.000',	240,	'2026-03-13 17:00:00.000',	2211,	1971,	1971,	135000.00,	'CONFIRMED',	'2026-03-12 04:09:19.530',	'2026-03-12 05:09:19.530'),
(48,	9,	1,	68,	'Sesi I',	'08:00:00',	'12:00:00',	1,	'2026-04-12',	'2026-04-11 09:55:46.269',	'2026-04-12 08:00:00.000',	240,	'2026-04-12 12:00:00.000',	1564,	1324,	1324,	150000.00,	'CANCELED',	'2026-04-11 09:55:46.269',	'2026-04-11 10:55:46.269'),
(49,	11,	1,	71,	'Event / Keperluan Lain',	'08:00:00',	'22:00:00',	1,	'2026-03-15',	'2026-03-10 14:35:36.948',	'2026-03-15 08:00:00.000',	840,	'2026-03-15 22:00:00.000',	7644,	6804,	6804,	7600000.00,	'CONFIRMED',	'2026-03-10 14:35:36.948',	'2026-03-10 15:35:36.948'),
(50,	24,	6,	82,	'Sesi II',	'13:00:00',	'17:00:00',	1,	'2026-01-05',	'2026-01-02 04:07:01.424',	'2026-01-05 13:00:00.000',	240,	'2026-01-05 17:00:00.000',	5093,	4853,	4853,	135000.00,	'CANCELED',	'2026-01-02 04:07:01.424',	'2026-01-02 05:07:01.424'),
(51,	25,	1,	69,	'Sesi II',	'13:00:00',	'17:00:00',	1,	'2026-03-06',	'2026-03-04 12:44:13.036',	'2026-03-06 13:00:00.000',	240,	'2026-03-06 17:00:00.000',	3136,	2896,	2896,	150000.00,	'CONFIRMED',	'2026-03-04 12:44:13.036',	'2026-03-04 13:44:13.036'),
(52,	6,	4,	84,	'Sesi I',	'08:00:00',	'12:00:00',	1,	'2026-02-20',	'2026-02-11 20:01:38.400',	'2026-02-20 08:00:00.000',	240,	'2026-02-20 12:00:00.000',	12478,	12238,	12238,	120000.00,	'CONFIRMED',	'2026-02-11 20:01:38.400',	'2026-02-11 21:01:38.400'),
(53,	4,	1,	71,	'Event / Keperluan Lain',	'08:00:00',	'22:00:00',	1,	'2026-02-06',	'2026-01-29 02:41:26.063',	'2026-02-06 08:00:00.000',	840,	'2026-02-06 22:00:00.000',	12679,	11839,	11839,	7600000.00,	'CONFIRMED',	'2026-01-29 02:41:26.063',	'2026-01-29 03:41:26.063'),
(54,	16,	4,	84,	'Sesi I',	'08:00:00',	'12:00:00',	1,	'2026-02-04',	'2026-02-03 18:20:53.829',	'2026-02-04 08:00:00.000',	240,	'2026-02-04 12:00:00.000',	1059,	819,	819,	120000.00,	'CONFIRMED',	'2026-02-03 18:20:53.829',	'2026-02-03 19:20:53.829'),
(55,	25,	1,	68,	'Sesi I',	'08:00:00',	'12:00:00',	1,	'2026-03-03',	'2026-02-25 18:55:30.354',	'2026-03-03 08:00:00.000',	240,	'2026-03-03 12:00:00.000',	8224,	7984,	7984,	150000.00,	'CANCELED',	'2026-02-25 18:55:30.354',	'2026-02-25 19:55:30.354'),
(56,	7,	1,	69,	'Sesi II',	'13:00:00',	'17:00:00',	1,	'2026-03-09',	'2026-03-06 01:37:59.456',	'2026-03-09 13:00:00.000',	240,	'2026-03-09 17:00:00.000',	5242,	5002,	5002,	150000.00,	'CONFIRMED',	'2026-03-06 01:37:59.456',	'2026-03-06 02:37:59.456'),
(57,	14,	1,	69,	'Sesi II',	'13:00:00',	'17:00:00',	1,	'2026-03-31',	'2026-03-22 04:35:22.160',	'2026-03-31 13:00:00.000',	240,	'2026-03-31 17:00:00.000',	13705,	13465,	13465,	150000.00,	'CONFIRMED',	'2026-03-22 04:35:22.160',	'2026-03-22 05:35:22.160'),
(58,	13,	1,	71,	'Event / Keperluan Lain',	'08:00:00',	'22:00:00',	1,	'2026-01-08',	'2026-01-05 09:26:09.653',	'2026-01-08 08:00:00.000',	840,	'2026-01-08 22:00:00.000',	5074,	4234,	4234,	7600000.00,	'CONFIRMED',	'2026-01-05 09:26:09.653',	'2026-01-05 10:26:09.653'),
(59,	22,	4,	84,	'Sesi I',	'08:00:00',	'12:00:00',	1,	'2026-03-23',	'2026-03-17 20:43:47.866',	'2026-03-23 08:00:00.000',	240,	'2026-03-23 12:00:00.000',	8116,	7876,	7876,	120000.00,	'CONFIRMED',	'2026-03-17 20:43:47.866',	'2026-03-17 21:43:47.866'),
(60,	23,	1,	69,	'Sesi II',	'13:00:00',	'17:00:00',	1,	'2026-02-06',	'2026-01-28 05:21:32.121',	'2026-02-06 13:00:00.000',	240,	'2026-02-06 17:00:00.000',	13658,	13418,	13418,	150000.00,	'CONFIRMED',	'2026-01-28 05:21:32.121',	'2026-01-28 06:21:32.121'),
(61,	4,	1,	68,	'Sesi I',	'08:00:00',	'12:00:00',	1,	'2026-03-31',	'2026-03-29 17:22:39.435',	'2026-03-31 08:00:00.000',	240,	'2026-03-31 12:00:00.000',	2557,	2317,	2317,	150000.00,	'CONFIRMED',	'2026-03-29 17:22:39.435',	'2026-03-29 18:22:39.435'),
(62,	11,	6,	81,	'Sesi I',	'08:00:00',	'12:00:00',	1,	'2026-03-15',	'2026-03-10 20:33:26.904',	'2026-03-15 08:00:00.000',	240,	'2026-03-15 12:00:00.000',	6687,	6447,	6447,	135000.00,	'CONFIRMED',	'2026-03-10 20:33:26.904',	'2026-03-10 21:33:26.904'),
(63,	19,	1,	71,	'Event / Keperluan Lain',	'08:00:00',	'22:00:00',	1,	'2026-03-02',	'2026-02-22 22:20:23.173',	'2026-03-02 08:00:00.000',	840,	'2026-03-02 22:00:00.000',	11500,	10660,	10660,	7600000.00,	'CONFIRMED',	'2026-02-22 22:20:23.173',	'2026-02-22 23:20:23.173'),
(64,	3,	6,	82,	'Sesi II',	'13:00:00',	'17:00:00',	1,	'2026-02-12',	'2026-02-11 13:40:50.224',	'2026-02-12 13:00:00.000',	240,	'2026-02-12 17:00:00.000',	1639,	1399,	1399,	135000.00,	'CONFIRMED',	'2026-02-11 13:40:50.224',	'2026-02-11 14:40:50.224'),
(65,	19,	1,	68,	'Sesi I',	'08:00:00',	'12:00:00',	1,	'2026-02-11',	'2026-02-09 23:35:31.931',	'2026-02-11 08:00:00.000',	240,	'2026-02-11 12:00:00.000',	2184,	1944,	1944,	150000.00,	'CANCELED',	'2026-02-09 23:35:31.931',	'2026-02-10 00:35:31.931'),
(66,	10,	6,	82,	'Sesi II',	'13:00:00',	'17:00:00',	1,	'2026-04-05',	'2026-03-27 15:22:35.823',	'2026-04-05 13:00:00.000',	240,	'2026-04-05 17:00:00.000',	13057,	12817,	12817,	135000.00,	'CANCELED',	'2026-03-27 15:22:35.823',	'2026-03-27 16:22:35.823'),
(67,	4,	1,	68,	'Sesi I',	'08:00:00',	'12:00:00',	1,	'2026-04-02',	'2026-03-30 05:04:21.310',	'2026-04-02 08:00:00.000',	240,	'2026-04-02 12:00:00.000',	4736,	4496,	4496,	150000.00,	'CONFIRMED',	'2026-03-30 05:04:21.310',	'2026-03-30 06:04:21.310'),
(68,	17,	4,	84,	'Sesi I',	'08:00:00',	'12:00:00',	1,	'2026-03-27',	'2026-03-22 16:54:11.746',	'2026-03-27 08:00:00.000',	240,	'2026-03-27 12:00:00.000',	6906,	6666,	6666,	120000.00,	'CONFIRMED',	'2026-03-22 16:54:11.746',	'2026-03-22 17:54:11.746'),
(69,	16,	6,	81,	'Sesi I',	'08:00:00',	'12:00:00',	1,	'2026-04-28',	'2026-04-28 01:48:55.271',	'2026-04-28 08:00:00.000',	240,	'2026-04-28 12:00:00.000',	611,	371,	371,	135000.00,	'CANCELED',	'2026-04-28 01:48:55.271',	'2026-04-28 02:48:55.271'),
(70,	15,	1,	68,	'Sesi I',	'08:00:00',	'12:00:00',	1,	'2026-04-02',	'2026-03-23 22:17:27.078',	'2026-04-02 08:00:00.000',	240,	'2026-04-02 12:00:00.000',	13783,	13543,	13543,	150000.00,	'CANCELED',	'2026-03-23 22:17:27.078',	'2026-03-23 23:17:27.078'),
(71,	18,	1,	69,	'Sesi II',	'13:00:00',	'17:00:00',	1,	'2026-03-27',	'2026-03-21 14:12:37.731',	'2026-03-27 13:00:00.000',	240,	'2026-03-27 17:00:00.000',	8807,	8567,	8567,	150000.00,	'CONFIRMED',	'2026-03-21 14:12:37.731',	'2026-03-21 15:12:37.731'),
(72,	15,	6,	81,	'Sesi I',	'08:00:00',	'12:00:00',	1,	'2026-03-03',	'2026-02-25 23:17:28.972',	'2026-03-03 08:00:00.000',	240,	'2026-03-03 12:00:00.000',	7963,	7723,	7723,	135000.00,	'CONFIRMED',	'2026-02-25 23:17:28.972',	'2026-02-26 00:17:28.972'),
(73,	14,	6,	82,	'Sesi II',	'13:00:00',	'17:00:00',	1,	'2026-03-20',	'2026-03-17 20:05:15.896',	'2026-03-20 13:00:00.000',	240,	'2026-03-20 17:00:00.000',	4135,	3895,	3895,	135000.00,	'CONFIRMED',	'2026-03-17 20:05:15.896',	'2026-03-17 21:05:15.896'),
(74,	19,	4,	84,	'Sesi I',	'08:00:00',	'12:00:00',	1,	'2026-02-05',	'2026-01-30 09:03:06.957',	'2026-02-05 08:00:00.000',	240,	'2026-02-05 12:00:00.000',	8817,	8577,	8577,	120000.00,	'CONFIRMED',	'2026-01-30 09:03:06.957',	'2026-01-30 10:03:06.957'),
(75,	15,	6,	81,	'Sesi I',	'08:00:00',	'12:00:00',	1,	'2026-03-17',	'2026-03-11 19:55:30.301',	'2026-03-17 08:00:00.000',	240,	'2026-03-17 12:00:00.000',	8164,	7924,	7924,	135000.00,	'CONFIRMED',	'2026-03-11 19:55:30.301',	'2026-03-11 20:55:30.301'),
(76,	20,	4,	84,	'Sesi I',	'08:00:00',	'12:00:00',	1,	'2026-01-22',	'2026-01-18 17:33:47.096',	'2026-01-22 08:00:00.000',	240,	'2026-01-22 12:00:00.000',	5426,	5186,	5186,	120000.00,	'CANCELED',	'2026-01-18 17:33:47.096',	'2026-01-18 18:33:47.096'),
(77,	5,	6,	82,	'Sesi II',	'13:00:00',	'17:00:00',	1,	'2026-03-03',	'2026-03-01 00:14:28.128',	'2026-03-03 13:00:00.000',	240,	'2026-03-03 17:00:00.000',	3886,	3646,	3646,	135000.00,	'CANCELED',	'2026-03-01 00:14:28.128',	'2026-03-01 01:14:28.128'),
(78,	10,	1,	68,	'Sesi I',	'08:00:00',	'12:00:00',	1,	'2026-04-13',	'2026-04-12 20:58:05.712',	'2026-04-13 08:00:00.000',	240,	'2026-04-13 12:00:00.000',	902,	662,	662,	150000.00,	'CANCELED',	'2026-04-12 20:58:05.712',	'2026-04-12 21:58:05.712'),
(79,	12,	1,	71,	'Event / Keperluan Lain',	'08:00:00',	'22:00:00',	1,	'2026-01-21',	'2026-01-15 01:12:21.970',	'2026-01-21 08:00:00.000',	840,	'2026-01-21 22:00:00.000',	9888,	9048,	9048,	7600000.00,	'CANCELED',	'2026-01-15 01:12:21.970',	'2026-01-15 02:12:21.970'),
(80,	20,	1,	69,	'Sesi II',	'13:00:00',	'17:00:00',	1,	'2026-01-29',	'2026-01-25 04:50:44.007',	'2026-01-29 13:00:00.000',	240,	'2026-01-29 17:00:00.000',	6489,	6249,	6249,	150000.00,	'CONFIRMED',	'2026-01-25 04:50:44.007',	'2026-01-25 05:50:44.007'),
(81,	3,	6,	81,	'Sesi I',	'08:00:00',	'12:00:00',	1,	'2026-01-11',	'2026-01-08 05:05:34.375',	'2026-01-11 08:00:00.000',	240,	'2026-01-11 12:00:00.000',	4734,	4494,	4494,	135000.00,	'CANCELED',	'2026-01-08 05:05:34.375',	'2026-01-08 06:05:34.375'),
(82,	19,	1,	71,	'Event / Keperluan Lain',	'08:00:00',	'22:00:00',	1,	'2026-02-06',	'2026-02-06 01:16:26.313',	'2026-02-06 08:00:00.000',	840,	'2026-02-06 22:00:00.000',	1244,	404,	404,	7600000.00,	'CANCELED',	'2026-02-06 01:16:26.313',	'2026-02-06 02:16:26.313'),
(83,	20,	1,	71,	'Event / Keperluan Lain',	'08:00:00',	'22:00:00',	1,	'2026-04-23',	'2026-04-20 21:19:19.907',	'2026-04-23 08:00:00.000',	840,	'2026-04-23 22:00:00.000',	4361,	3521,	3521,	7600000.00,	'CONFIRMED',	'2026-04-20 21:19:19.907',	'2026-04-20 22:19:19.907'),
(84,	8,	6,	82,	'Sesi II',	'13:00:00',	'17:00:00',	1,	'2026-03-26',	'2026-03-18 20:07:30.154',	'2026-03-26 13:00:00.000',	240,	'2026-03-26 17:00:00.000',	11332,	11092,	11092,	135000.00,	'CONFIRMED',	'2026-03-18 20:07:30.154',	'2026-03-18 21:07:30.154'),
(85,	4,	1,	68,	'Sesi I',	'08:00:00',	'12:00:00',	1,	'2026-04-17',	'2026-04-07 10:15:23.053',	'2026-04-17 08:00:00.000',	240,	'2026-04-17 12:00:00.000',	14505,	14265,	14265,	150000.00,	'CONFIRMED',	'2026-04-07 10:15:23.053',	'2026-04-07 11:15:23.053'),
(86,	19,	4,	84,	'Sesi I',	'08:00:00',	'12:00:00',	1,	'2026-01-18',	'2026-01-14 19:27:53.152',	'2026-01-18 08:00:00.000',	240,	'2026-01-18 12:00:00.000',	5312,	5072,	5072,	120000.00,	'CONFIRMED',	'2026-01-14 19:27:53.152',	'2026-01-14 20:27:53.152'),
(87,	12,	1,	71,	'Event / Keperluan Lain',	'08:00:00',	'22:00:00',	1,	'2026-01-23',	'2026-01-14 15:01:08.254',	'2026-01-23 08:00:00.000',	840,	'2026-01-23 22:00:00.000',	13379,	12539,	12539,	7600000.00,	'CONFIRMED',	'2026-01-14 15:01:08.254',	'2026-01-14 16:01:08.254'),
(88,	3,	1,	71,	'Event / Keperluan Lain',	'08:00:00',	'22:00:00',	1,	'2026-01-15',	'2026-01-08 19:42:41.752',	'2026-01-15 08:00:00.000',	840,	'2026-01-15 22:00:00.000',	10217,	9377,	9377,	7600000.00,	'CONFIRMED',	'2026-01-08 19:42:41.752',	'2026-01-08 20:42:41.752'),
(89,	20,	6,	82,	'Sesi II',	'13:00:00',	'17:00:00',	1,	'2026-03-10',	'2026-03-04 23:59:54.970',	'2026-03-10 13:00:00.000',	240,	'2026-03-10 17:00:00.000',	8220,	7980,	7980,	135000.00,	'CONFIRMED',	'2026-03-04 23:59:54.970',	'2026-03-05 00:59:54.970'),
(90,	12,	6,	82,	'Sesi II',	'13:00:00',	'17:00:00',	1,	'2026-04-06',	'2026-03-30 23:54:09.883',	'2026-04-06 13:00:00.000',	240,	'2026-04-06 17:00:00.000',	9666,	9426,	9426,	135000.00,	'CONFIRMED',	'2026-03-30 23:54:09.883',	'2026-03-31 00:54:09.883'),
(91,	9,	1,	71,	'Event / Keperluan Lain',	'08:00:00',	'22:00:00',	1,	'2026-01-11',	'2026-01-04 05:42:59.786',	'2026-01-11 08:00:00.000',	840,	'2026-01-11 22:00:00.000',	11057,	10217,	10217,	7600000.00,	'CONFIRMED',	'2026-01-04 05:42:59.786',	'2026-01-04 06:42:59.786'),
(92,	15,	6,	81,	'Sesi I',	'08:00:00',	'12:00:00',	1,	'2026-02-28',	'2026-02-22 08:09:15.115',	'2026-02-28 08:00:00.000',	240,	'2026-02-28 12:00:00.000',	8871,	8631,	8631,	135000.00,	'CONFIRMED',	'2026-02-22 08:09:15.115',	'2026-02-22 09:09:15.115'),
(93,	20,	1,	71,	'Event / Keperluan Lain',	'08:00:00',	'22:00:00',	1,	'2026-01-21',	'2026-01-17 08:52:44.620',	'2026-01-21 08:00:00.000',	840,	'2026-01-21 22:00:00.000',	6547,	5707,	5707,	7600000.00,	'CONFIRMED',	'2026-01-17 08:52:44.620',	'2026-01-17 09:52:44.620'),
(94,	9,	1,	69,	'Sesi II',	'13:00:00',	'17:00:00',	1,	'2026-03-21',	'2026-03-17 01:05:43.419',	'2026-03-21 13:00:00.000',	240,	'2026-03-21 17:00:00.000',	6714,	6474,	6474,	150000.00,	'CONFIRMED',	'2026-03-17 01:05:43.419',	'2026-03-17 02:05:43.419'),
(95,	18,	6,	82,	'Sesi II',	'13:00:00',	'17:00:00',	1,	'2026-02-03',	'2026-02-03 05:29:10.602',	'2026-02-03 13:00:00.000',	240,	'2026-02-03 17:00:00.000',	691,	451,	451,	135000.00,	'CONFIRMED',	'2026-02-03 05:29:10.602',	'2026-02-03 06:29:10.602'),
(96,	25,	1,	69,	'Sesi II',	'13:00:00',	'17:00:00',	1,	'2026-03-25',	'2026-03-21 21:48:15.644',	'2026-03-25 13:00:00.000',	240,	'2026-03-25 17:00:00.000',	5472,	5232,	5232,	150000.00,	'CONFIRMED',	'2026-03-21 21:48:15.644',	'2026-03-21 22:48:15.644'),
(97,	24,	1,	69,	'Sesi II',	'13:00:00',	'17:00:00',	1,	'2026-01-18',	'2026-01-16 17:19:21.148',	'2026-01-18 13:00:00.000',	240,	'2026-01-18 17:00:00.000',	2861,	2621,	2621,	150000.00,	'CONFIRMED',	'2026-01-16 17:19:21.148',	'2026-01-16 18:19:21.148'),
(98,	16,	6,	82,	'Sesi II',	'13:00:00',	'17:00:00',	1,	'2026-04-10',	'2026-04-05 03:13:27.310',	'2026-04-10 13:00:00.000',	240,	'2026-04-10 17:00:00.000',	8027,	7787,	7787,	135000.00,	'CONFIRMED',	'2026-04-05 03:13:27.310',	'2026-04-05 04:13:27.310'),
(99,	7,	6,	82,	'Sesi II',	'13:00:00',	'17:00:00',	1,	'2026-02-18',	'2026-02-13 00:08:04.004',	'2026-02-18 13:00:00.000',	240,	'2026-02-18 17:00:00.000',	8212,	7972,	7972,	135000.00,	'CONFIRMED',	'2026-02-13 00:08:04.004',	'2026-02-13 01:08:04.004'),
(100,	8,	1,	71,	'Event / Keperluan Lain',	'08:00:00',	'22:00:00',	1,	'2026-03-27',	'2026-03-26 02:25:30.942',	'2026-03-27 08:00:00.000',	840,	'2026-03-27 22:00:00.000',	2614,	1774,	1774,	7600000.00,	'CONFIRMED',	'2026-03-26 02:25:30.942',	'2026-03-26 03:25:30.942'),
(101,	6,	1,	71,	'Event / Keperluan Lain',	'08:00:00',	'22:00:00',	1,	'2026-01-30',	'2026-01-24 07:17:54.012',	'2026-01-30 08:00:00.000',	840,	'2026-01-30 22:00:00.000',	9522,	8682,	8682,	7600000.00,	'CONFIRMED',	'2026-01-24 07:17:54.012',	'2026-01-24 08:17:54.012'),
(102,	2,	1,	68,	'Sesi I',	'08:00:00',	'12:00:00',	1,	'2026-02-25',	'2026-02-21 17:28:13.323',	'2026-02-25 08:00:00.000',	240,	'2026-02-25 12:00:00.000',	5432,	5192,	5192,	150000.00,	'CONFIRMED',	'2026-02-21 17:28:13.323',	'2026-02-21 18:28:13.323'),
(103,	3,	1,	68,	'Sesi I',	'08:00:00',	'12:00:00',	1,	'2026-01-24',	'2026-01-15 20:14:49.558',	'2026-01-24 08:00:00.000',	240,	'2026-01-24 12:00:00.000',	12465,	12225,	12225,	150000.00,	'CONFIRMED',	'2026-01-15 20:14:49.558',	'2026-01-15 21:14:49.558'),
(104,	18,	6,	82,	'Sesi II',	'13:00:00',	'17:00:00',	1,	'2026-03-04',	'2026-02-23 16:19:35.620',	'2026-03-04 13:00:00.000',	240,	'2026-03-04 17:00:00.000',	13000,	12760,	12760,	135000.00,	'CONFIRMED',	'2026-02-23 16:19:35.620',	'2026-02-23 17:19:35.620'),
(105,	24,	1,	69,	'Sesi II',	'13:00:00',	'17:00:00',	1,	'2026-04-05',	'2026-04-04 08:16:33.061',	'2026-04-05 13:00:00.000',	240,	'2026-04-05 17:00:00.000',	1963,	1723,	1723,	150000.00,	'CANCELED',	'2026-04-04 08:16:33.061',	'2026-04-04 09:16:33.061'),
(106,	16,	6,	82,	'Sesi II',	'13:00:00',	'17:00:00',	1,	'2026-02-01',	'2026-01-30 00:03:03.275',	'2026-02-01 13:00:00.000',	240,	'2026-02-01 17:00:00.000',	3897,	3657,	3657,	135000.00,	'CONFIRMED',	'2026-01-30 00:03:03.275',	'2026-01-30 01:03:03.275'),
(107,	5,	6,	81,	'Sesi I',	'08:00:00',	'12:00:00',	1,	'2026-03-28',	'2026-03-21 17:31:17.598',	'2026-03-28 08:00:00.000',	240,	'2026-03-28 12:00:00.000',	9749,	9509,	9509,	135000.00,	'CANCELED',	'2026-03-21 17:31:17.598',	'2026-03-21 18:31:17.598'),
(108,	7,	4,	84,	'Sesi I',	'08:00:00',	'12:00:00',	1,	'2026-01-19',	'2026-01-16 08:37:06.730',	'2026-01-19 08:00:00.000',	240,	'2026-01-19 12:00:00.000',	4523,	4283,	4283,	120000.00,	'CANCELED',	'2026-01-16 08:37:06.730',	'2026-01-16 09:37:06.730'),
(109,	6,	1,	69,	'Sesi II',	'13:00:00',	'17:00:00',	1,	'2026-03-26',	'2026-03-22 18:00:43.806',	'2026-03-26 13:00:00.000',	240,	'2026-03-26 17:00:00.000',	5699,	5459,	5459,	150000.00,	'CANCELED',	'2026-03-22 18:00:43.806',	'2026-03-22 19:00:43.806'),
(110,	7,	6,	81,	'Sesi I',	'08:00:00',	'12:00:00',	1,	'2026-03-17',	'2026-03-15 04:46:45.049',	'2026-03-17 08:00:00.000',	240,	'2026-03-17 12:00:00.000',	3313,	3073,	3073,	135000.00,	'CANCELED',	'2026-03-15 04:46:45.049',	'2026-03-15 05:46:45.049'),
(111,	24,	1,	68,	'Sesi I',	'08:00:00',	'12:00:00',	1,	'2026-02-23',	'2026-02-15 13:14:27.548',	'2026-02-23 08:00:00.000',	240,	'2026-02-23 12:00:00.000',	11446,	11206,	11206,	150000.00,	'CANCELED',	'2026-02-15 13:14:27.548',	'2026-02-15 14:14:27.548'),
(112,	25,	6,	82,	'Sesi II',	'13:00:00',	'17:00:00',	2,	'2026-02-09',	'2026-02-02 20:33:11.627',	'2026-02-09 13:00:00.000',	240,	'2026-02-09 17:00:00.000',	9867,	9627,	9627,	135000.00,	'CONFIRMED',	'2026-02-02 20:33:11.627',	'2026-02-02 21:33:11.627'),
(113,	21,	6,	82,	'Sesi II',	'13:00:00',	'17:00:00',	1,	'2026-04-22',	'2026-04-14 01:17:21.696',	'2026-04-22 13:00:00.000',	240,	'2026-04-22 17:00:00.000',	12463,	12223,	12223,	135000.00,	'CANCELED',	'2026-04-14 01:17:21.696',	'2026-04-14 02:17:21.696'),
(114,	25,	1,	69,	'Sesi II',	'13:00:00',	'17:00:00',	1,	'2026-01-21',	'2026-01-13 05:05:13.491',	'2026-01-21 13:00:00.000',	240,	'2026-01-21 17:00:00.000',	12235,	11995,	11995,	150000.00,	'CONFIRMED',	'2026-01-13 05:05:13.491',	'2026-01-13 06:05:13.491'),
(115,	20,	6,	81,	'Sesi I',	'08:00:00',	'12:00:00',	1,	'2026-04-09',	'2026-04-06 02:16:10.112',	'2026-04-09 08:00:00.000',	240,	'2026-04-09 12:00:00.000',	4904,	4664,	4664,	135000.00,	'CANCELED',	'2026-04-06 02:16:10.112',	'2026-04-06 03:16:10.112'),
(116,	15,	6,	82,	'Sesi II',	'13:00:00',	'17:00:00',	1,	'2026-04-09',	'2026-04-06 05:27:36.693',	'2026-04-09 13:00:00.000',	240,	'2026-04-09 17:00:00.000',	5012,	4772,	4772,	135000.00,	'CONFIRMED',	'2026-04-06 05:27:36.693',	'2026-04-06 06:27:36.693'),
(117,	9,	1,	69,	'Sesi II',	'13:00:00',	'17:00:00',	1,	'2026-04-26',	'2026-04-17 21:40:04.853',	'2026-04-26 13:00:00.000',	240,	'2026-04-26 17:00:00.000',	12680,	12440,	12440,	150000.00,	'CONFIRMED',	'2026-04-17 21:40:04.853',	'2026-04-17 22:40:04.853'),
(118,	7,	6,	82,	'Sesi II',	'13:00:00',	'17:00:00',	1,	'2026-04-19',	'2026-04-16 16:29:39.844',	'2026-04-19 13:00:00.000',	240,	'2026-04-19 17:00:00.000',	4350,	4110,	4110,	135000.00,	'CONFIRMED',	'2026-04-16 16:29:39.844',	'2026-04-16 17:29:39.844'),
(119,	24,	1,	71,	'Event / Keperluan Lain',	'08:00:00',	'22:00:00',	1,	'2026-04-05',	'2026-03-27 05:57:28.438',	'2026-04-05 08:00:00.000',	840,	'2026-04-05 22:00:00.000',	13923,	13083,	13083,	7600000.00,	'CONFIRMED',	'2026-03-27 05:57:28.438',	'2026-03-27 06:57:28.438'),
(120,	21,	1,	68,	'Sesi I',	'08:00:00',	'12:00:00',	1,	'2026-04-27',	'2026-04-24 22:25:49.609',	'2026-04-27 08:00:00.000',	240,	'2026-04-27 12:00:00.000',	3694,	3454,	3454,	150000.00,	'CANCELED',	'2026-04-24 22:25:49.609',	'2026-04-24 23:25:49.609'),
(121,	18,	6,	81,	'Sesi I',	'08:00:00',	'12:00:00',	1,	'2026-05-04',	'2026-05-03 18:33:41.216',	'2026-05-04 08:00:00.000',	240,	'2026-05-04 12:00:00.000',	1046,	806,	806,	135000.00,	'CONFIRMED',	'2026-05-03 18:33:41.216',	'2026-05-03 19:33:41.216'),
(122,	4,	1,	69,	'Sesi II',	'13:00:00',	'17:00:00',	1,	'2026-05-04',	'2026-05-04 11:20:28.395',	'2026-05-04 13:00:00.000',	240,	'2026-05-04 17:00:00.000',	340,	100,	100,	150000.00,	'CONFIRMED',	'2026-05-04 11:20:28.395',	'2026-05-04 12:20:28.395'),
(123,	11,	1,	68,	'Sesi I',	'08:00:00',	'12:00:00',	1,	'2026-05-04',	'2026-05-02 22:51:33.850',	'2026-05-04 08:00:00.000',	240,	'2026-05-04 12:00:00.000',	2228,	1988,	1988,	150000.00,	'CONFIRMED',	'2026-05-02 22:51:33.850',	'2026-05-02 23:51:33.850'),
(124,	7,	6,	82,	'Sesi II',	'13:00:00',	'17:00:00',	1,	'2026-05-02',	'2026-05-01 07:52:03.886',	'2026-05-02 13:00:00.000',	240,	'2026-05-02 17:00:00.000',	1988,	1748,	1748,	135000.00,	'CONFIRMED',	'2026-05-01 07:52:03.886',	'2026-05-01 08:52:03.886'),
(125,	21,	1,	69,	'Sesi II',	'13:00:00',	'17:00:00',	1,	'2026-05-04',	'2026-05-03 21:03:26.342',	'2026-05-04 13:00:00.000',	240,	'2026-05-04 17:00:00.000',	1197,	957,	957,	150000.00,	'CANCELED',	'2026-05-03 21:03:26.342',	'2026-05-03 22:03:26.342'),
(126,	25,	1,	68,	'Sesi I',	'08:00:00',	'12:00:00',	1,	'2026-05-04',	'2026-05-01 08:35:39.160',	'2026-05-04 08:00:00.000',	240,	'2026-05-04 12:00:00.000',	4524,	4284,	4284,	150000.00,	'CANCELED',	'2026-05-01 08:35:39.160',	'2026-05-01 09:35:39.160'),
(127,	5,	1,	69,	'Sesi II',	'13:00:00',	'17:00:00',	1,	'2026-05-04',	'2026-05-03 19:47:22.580',	'2026-05-04 13:00:00.000',	240,	'2026-05-04 17:00:00.000',	1273,	1033,	1033,	150000.00,	'CANCELED',	'2026-05-03 19:47:22.580',	'2026-05-03 20:47:22.580'),
(128,	13,	1,	69,	'Sesi II',	'13:00:00',	'17:00:00',	1,	'2026-05-04',	'2026-05-04 02:49:01.383',	'2026-05-04 13:00:00.000',	240,	'2026-05-04 17:00:00.000',	851,	611,	611,	150000.00,	'CANCELED',	'2026-05-04 02:49:01.383',	'2026-05-04 03:49:01.383'),
(129,	25,	4,	84,	'Sesi I',	'08:00:00',	'12:00:00',	1,	'2026-05-02',	'2026-05-02 00:20:32.580',	'2026-05-02 08:00:00.000',	240,	'2026-05-02 12:00:00.000',	699,	459,	459,	120000.00,	'PENDING',	'2026-05-02 00:20:32.580',	'2026-05-02 01:20:32.580'),
(130,	23,	6,	81,	'Sesi I',	'08:00:00',	'12:00:00',	1,	'2026-05-04',	'2026-05-01 23:43:42.806',	'2026-05-04 08:00:00.000',	240,	'2026-05-04 12:00:00.000',	3616,	3376,	3376,	135000.00,	'CANCELED',	'2026-05-01 23:43:42.806',	'2026-05-02 00:43:42.806'),
(131,	16,	6,	82,	'Sesi II',	'13:00:00',	'17:00:00',	1,	'2026-05-03',	'2026-05-01 20:23:40.729',	'2026-05-03 13:00:00.000',	240,	'2026-05-03 17:00:00.000',	2676,	2436,	2436,	135000.00,	'CONFIRMED',	'2026-05-01 20:23:40.729',	'2026-05-02 22:16:22.000'),
(132,	22,	1,	71,	'Event / Keperluan Lain',	'08:00:00',	'22:00:00',	1,	'2026-05-04',	'2026-05-01 11:51:10.470',	'2026-05-04 08:00:00.000',	840,	'2026-05-04 22:00:00.000',	4929,	4089,	4089,	7600000.00,	'APPROVED',	'2026-05-01 11:51:10.470',	'2026-05-02 21:51:30.689'),
(133,	4,	1,	68,	'Sesi I',	'08:00:00',	'12:00:00',	1,	'2026-05-04',	'2026-05-03 03:01:59.472',	'2026-05-04 08:00:00.000',	240,	'2026-05-04 12:00:00.000',	1978,	1738,	1738,	150000.00,	'CANCELED',	'2026-05-03 03:01:59.472',	'2026-05-03 04:01:59.472'),
(134,	17,	1,	69,	'Sesi II',	'13:00:00',	'17:00:00',	1,	'2026-05-04',	'2026-05-03 12:16:17.870',	'2026-05-04 13:00:00.000',	240,	'2026-05-04 17:00:00.000',	1724,	1484,	1484,	150000.00,	'CANCELED',	'2026-05-03 12:16:17.870',	'2026-05-03 13:16:17.870'),
(135,	12,	6,	81,	'Sesi I',	'08:00:00',	'12:00:00',	2,	'2026-05-04',	'2026-05-04 16:44:27.057',	'2026-05-04 08:00:00.000',	240,	'2026-05-04 12:00:00.000',	240,	0,	0,	135000.00,	'CONFIRMED',	'2026-05-04 16:44:27.057',	'2026-05-04 17:44:27.057'),
(136,	11,	4,	84,	'Sesi I',	'08:00:00',	'12:00:00',	1,	'2026-05-04',	'2026-05-03 09:07:30.529',	'2026-05-04 08:00:00.000',	240,	'2026-05-04 12:00:00.000',	1612,	1372,	1372,	120000.00,	'CONFIRMED',	'2026-05-03 09:07:30.529',	'2026-05-03 10:07:30.529'),
(137,	18,	1,	69,	'Sesi II',	'13:00:00',	'17:00:00',	1,	'2026-05-02',	'2026-05-01 08:12:20.945',	'2026-05-02 13:00:00.000',	240,	'2026-05-02 17:00:00.000',	1968,	1728,	1728,	150000.00,	'CANCELED',	'2026-05-01 08:12:20.945',	'2026-05-01 09:12:20.945'),
(138,	15,	1,	69,	'Sesi II',	'13:00:00',	'17:00:00',	1,	'2026-05-04',	'2026-05-04 13:25:33.627',	'2026-05-04 13:00:00.000',	240,	'2026-05-04 17:00:00.000',	240,	0,	0,	150000.00,	'CANCELED',	'2026-05-04 13:25:33.627',	'2026-05-04 14:25:33.627'),
(139,	19,	6,	82,	'Sesi II',	'13:00:00',	'17:00:00',	2,	'2026-05-03',	'2026-05-01 02:16:03.615',	'2026-05-03 13:00:00.000',	240,	'2026-05-03 17:00:00.000',	3764,	3524,	3524,	135000.00,	'CONFIRMED',	'2026-05-01 02:16:03.615',	'2026-05-01 03:16:03.615'),
(140,	6,	1,	68,	'Sesi I',	'08:00:00',	'12:00:00',	1,	'2026-05-03',	'2026-05-01 13:11:52.015',	'2026-05-03 08:00:00.000',	240,	'2026-05-03 12:00:00.000',	2808,	2568,	2568,	150000.00,	'PENDING',	'2026-05-01 13:11:52.015',	'2026-05-01 14:11:52.015'),
(141,	18,	1,	69,	'Sesi II',	'13:00:00',	'17:00:00',	1,	'2026-05-03',	'2026-05-02 18:26:02.670',	'2026-05-03 13:00:00.000',	240,	'2026-05-03 17:00:00.000',	1354,	1114,	1114,	150000.00,	'CONFIRMED',	'2026-05-02 18:26:02.670',	'2026-05-02 19:26:02.670'),
(142,	4,	6,	82,	'Sesi II',	'13:00:00',	'17:00:00',	2,	'2026-05-02',	'2026-05-02 05:33:28.680',	'2026-05-02 13:00:00.000',	240,	'2026-05-02 17:00:00.000',	687,	447,	447,	135000.00,	'CONFIRMED',	'2026-05-02 05:33:28.680',	'2026-05-02 06:33:28.680'),
(143,	10,	1,	71,	'Event / Keperluan Lain',	'08:00:00',	'22:00:00',	1,	'2026-05-04',	'2026-05-01 12:46:18.569',	'2026-05-04 08:00:00.000',	840,	'2026-05-04 22:00:00.000',	4874,	4034,	4034,	7600000.00,	'CANCELED',	'2026-05-01 12:46:18.569',	'2026-05-01 13:46:18.569'),
(144,	8,	4,	84,	'Sesi I',	'08:00:00',	'12:00:00',	1,	'2026-05-03',	'2026-05-02 06:15:15.472',	'2026-05-03 08:00:00.000',	240,	'2026-05-03 12:00:00.000',	1785,	1545,	1545,	120000.00,	'APPROVED',	'2026-05-02 06:15:15.472',	'2026-05-02 21:48:30.689'),
(145,	17,	1,	69,	'Sesi II',	'13:00:00',	'17:00:00',	1,	'2026-05-02',	'2026-05-01 11:55:27.913',	'2026-05-02 13:00:00.000',	240,	'2026-05-02 17:00:00.000',	1745,	1505,	1505,	150000.00,	'PENDING',	'2026-05-01 11:55:27.913',	'2026-05-01 12:55:27.913'),
(146,	2,	6,	82,	'Sesi II',	'13:00:00',	'17:00:00',	1,	'2026-05-03',	'2026-05-01 14:21:54.705',	'2026-05-03 13:00:00.000',	240,	'2026-05-03 17:00:00.000',	3038,	2798,	2798,	135000.00,	'CANCELED',	'2026-05-01 14:21:54.705',	'2026-05-01 15:21:54.705'),
(147,	8,	6,	81,	'Sesi I',	'08:00:00',	'12:00:00',	1,	'2026-05-02',	'2026-05-01 06:27:57.466',	'2026-05-02 08:00:00.000',	240,	'2026-05-02 12:00:00.000',	1772,	1532,	1532,	135000.00,	'APPROVED',	'2026-05-01 06:27:57.466',	'2026-05-02 21:51:30.689'),
(148,	14,	1,	71,	'Event / Keperluan Lain',	'08:00:00',	'22:00:00',	1,	'2026-05-04',	'2026-05-02 20:39:32.786',	'2026-05-04 08:00:00.000',	840,	'2026-05-04 22:00:00.000',	2960,	2120,	2120,	7600000.00,	'CANCELED',	'2026-05-02 20:39:32.786',	'2026-05-02 21:39:32.786'),
(149,	23,	1,	69,	'Sesi II',	'13:00:00',	'17:00:00',	1,	'2026-05-04',	'2026-05-02 15:45:23.826',	'2026-05-04 13:00:00.000',	240,	'2026-05-04 17:00:00.000',	2955,	2715,	2715,	150000.00,	'CANCELED',	'2026-05-02 15:45:23.826',	'2026-05-02 16:45:23.826'),
(150,	3,	1,	68,	'Sesi I',	'08:00:00',	'12:00:00',	1,	'2026-05-03',	'2026-05-01 19:14:25.083',	'2026-05-03 08:00:00.000',	240,	'2026-05-03 12:00:00.000',	2446,	2206,	2206,	150000.00,	'CANCELED',	'2026-05-01 19:14:25.083',	'2026-05-01 20:14:25.083');

DROP TABLE IF EXISTS `tb_fasilitas`;
CREATE TABLE `tb_fasilitas` (
  `id` int NOT NULL AUTO_INCREMENT,
  `nama_fasilitas` varchar(191) CHARACTER SET utf8mb4 COLLATE utf8mb4_unicode_ci NOT NULL,
  `jenis_fasilitas` varchar(191) CHARACTER SET utf8mb4 COLLATE utf8mb4_unicode_ci NOT NULL,
  `jumlah_unit` int NOT NULL DEFAULT '1',
  `status_fasilitas` tinyint(1) NOT NULL DEFAULT '1',
  `createdAt` datetime(3) NOT NULL DEFAULT CURRENT_TIMESTAMP(3),
  `updatedAt` datetime(3) DEFAULT NULL,
  PRIMARY KEY (`id`)
) ENGINE=InnoDB DEFAULT CHARSET=utf8mb4 COLLATE=utf8mb4_unicode_ci;

INSERT INTO `tb_fasilitas` (`id`, `nama_fasilitas`, `jenis_fasilitas`, `jumlah_unit`, `status_fasilitas`, `createdAt`, `updatedAt`) VALUES
(1,	'Lapangan Sepak Hatta',	'Lapangan Sepak Bola',	1,	1,	'2026-04-21 12:21:14.009',	'0000-00-00 00:00:00.000'),
(4,	'Lapangan Tenis Eka Bakti',	'Lapangan Tenis',	3,	1,	'2026-04-21 12:21:14.009',	'0000-00-00 00:00:00.000'),
(6,	'Lapangan Badminton Cempako',	'Lapangan Bulu Tangkis',	3,	1,	'2026-04-22 11:10:19.254',	NULL),
(7,	'Lapangan Sepak Bola Kamboja',	'Lapangan Sepak Bola',	1,	1,	'2026-04-22 12:32:10.303',	NULL);

DROP TABLE IF EXISTS `tb_fasilitas_gambar`;
CREATE TABLE `tb_fasilitas_gambar` (
  `id_gambar` int NOT NULL AUTO_INCREMENT,
  `id_fasilitas` int NOT NULL,
  `url_gambar` text CHARACTER SET utf8mb4 COLLATE utf8mb4_unicode_ci NOT NULL,
  PRIMARY KEY (`id_gambar`),
  KEY `id_fasilitas` (`id_fasilitas`),
  CONSTRAINT `tb_fasilitas_gambar_ibfk_1` FOREIGN KEY (`id_fasilitas`) REFERENCES `tb_fasilitas` (`id`) ON DELETE CASCADE
) ENGINE=InnoDB DEFAULT CHARSET=utf8mb4 COLLATE=utf8mb4_unicode_ci;

INSERT INTO `tb_fasilitas_gambar` (`id_gambar`, `id_fasilitas`, `url_gambar`) VALUES
(16,	7,	'http://localhost:5000/uploads/facilities/facility-1776838178697-902312198.jpg'),
(17,	7,	'http://localhost:5000/uploads/facilities/facility-1776838181425-549841669.jpg'),
(66,	4,	'http://localhost:5000/uploads/facilities/facility-1776835452865-146893643.jpg'),
(67,	4,	'http://localhost:5000/uploads/facilities/facility-1776835456142-424341662.jpg'),
(68,	4,	'http://localhost:5000/uploads/facilities/facility-1776835459393-64813179.jpg'),
(69,	6,	'http://localhost:5000/uploads/facilities/facility-1776925411330-105963489.jpg'),
(70,	6,	'http://localhost:5000/uploads/facilities/facility-1776925415075-128132377.jpg'),
(71,	6,	'http://localhost:5000/uploads/facilities/facility-1776925525432-116529840.jpg'),
(81,	1,	'http://localhost:5000/uploads/facilities/facility-1776835430059-582589551.png'),
(82,	1,	'http://localhost:5000/uploads/facilities/facility-1776919951369-584218844.jpg'),
(83,	1,	'http://localhost:5000/uploads/facilities/facility-1776919954241-242638621.jpg');

DROP TABLE IF EXISTS `tb_fasilitas_item`;
CREATE TABLE `tb_fasilitas_item` (
  `id_item` int NOT NULL AUTO_INCREMENT,
  `id_fasilitas` int NOT NULL,
  `nama_item` varchar(255) CHARACTER SET utf8mb4 COLLATE utf8mb4_unicode_ci NOT NULL,
  `status_item` enum('Tersedia','Tidak Tersedia') CHARACTER SET utf8mb4 COLLATE utf8mb4_unicode_ci DEFAULT 'Tersedia',
  PRIMARY KEY (`id_item`),
  KEY `id_fasilitas` (`id_fasilitas`),
  CONSTRAINT `tb_fasilitas_item_ibfk_1` FOREIGN KEY (`id_fasilitas`) REFERENCES `tb_fasilitas` (`id`) ON DELETE CASCADE
) ENGINE=InnoDB DEFAULT CHARSET=utf8mb4 COLLATE=utf8mb4_unicode_ci;

INSERT INTO `tb_fasilitas_item` (`id_item`, `id_fasilitas`, `nama_item`, `status_item`) VALUES
(35,	4,	'Ruang ganti',	'Tersedia'),
(36,	4,	'Toilet',	'Tersedia'),
(37,	6,	'Raket (2x)',	'Tersedia'),
(38,	6,	'Kok (5)',	'Tersedia');

DROP TABLE IF EXISTS `tb_fasilitas_tarif`;
CREATE TABLE `tb_fasilitas_tarif` (
  `id` int NOT NULL AUTO_INCREMENT,
  `id_fasilitas` int NOT NULL,
  `tipe_tarif` enum('SESI','EVENT') CHARACTER SET utf8mb4 COLLATE utf8mb4_unicode_ci DEFAULT 'SESI',
  `nama_tarif` varchar(100) CHARACTER SET utf8mb4 COLLATE utf8mb4_unicode_ci NOT NULL,
  `jam_mulai` time DEFAULT NULL,
  `jam_selesai` time DEFAULT NULL,
  `harga` decimal(15,2) NOT NULL,
  `kapasitas` int NOT NULL DEFAULT '0',
  `createdAt` timestamp NULL DEFAULT CURRENT_TIMESTAMP,
  `updatedAt` timestamp NULL DEFAULT CURRENT_TIMESTAMP ON UPDATE CURRENT_TIMESTAMP,
  PRIMARY KEY (`id`),
  KEY `id_fasilitas` (`id_fasilitas`),
  CONSTRAINT `tb_fasilitas_tarif_ibfk_1` FOREIGN KEY (`id_fasilitas`) REFERENCES `tb_fasilitas` (`id`) ON DELETE CASCADE
) ENGINE=InnoDB DEFAULT CHARSET=utf8mb4 COLLATE=utf8mb4_unicode_ci;

INSERT INTO `tb_fasilitas_tarif` (`id`, `id_fasilitas`, `tipe_tarif`, `nama_tarif`, `jam_mulai`, `jam_selesai`, `harga`, `kapasitas`, `createdAt`, `updatedAt`) VALUES
(58,	7,	'EVENT',	'Event / Orang Banyak',	NULL,	NULL,	7400000.00,	1000,	'2026-04-22 06:09:44',	'2026-04-22 06:09:44'),
(59,	7,	'SESI',	'Sesi I',	'08:00:00',	'12:00:00',	150000.00,	100,	'2026-04-22 06:09:44',	'2026-04-22 06:09:44'),
(60,	7,	'SESI',	'Sesi II',	'12:00:00',	'18:00:00',	150000.00,	100,	'2026-04-22 06:09:44',	'2026-04-22 06:09:44'),
(61,	7,	'SESI',	'Sesi III',	'18:00:00',	'23:00:00',	175000.00,	100,	'2026-04-22 06:09:44',	'2026-04-22 06:09:44'),
(68,	1,	'SESI',	'Sesi I',	'08:00:00',	'12:00:00',	150000.00,	1,	'2026-04-23 04:52:36',	'2026-05-02 13:26:18'),
(69,	1,	'SESI',	'Sesi II',	'13:00:00',	'17:00:00',	150000.00,	1,	'2026-04-23 04:52:36',	'2026-05-02 13:26:18'),
(70,	1,	'SESI',	'Sesi III',	'18:00:00',	'23:00:00',	175000.00,	100,	'2026-04-23 04:52:36',	'2026-04-23 04:52:36'),
(71,	1,	'EVENT',	'Event / Keperluan Lain',	NULL,	NULL,	7600000.00,	1,	'2026-04-23 04:52:36',	'2026-05-02 13:33:48'),
(81,	6,	'SESI',	'Sesi I',	'08:00:00',	'12:00:00',	135000.00,	1,	'2026-04-23 06:25:45',	'2026-05-02 13:23:59'),
(82,	6,	'SESI',	'Sesi II',	'13:00:00',	'17:00:00',	135000.00,	1,	'2026-04-23 06:25:45',	'2026-05-02 13:23:59'),
(83,	6,	'SESI',	'Sesi III',	'18:00:00',	'23:59:00',	150000.00,	4,	'2026-04-23 06:25:45',	'2026-04-23 06:25:45'),
(84,	4,	'SESI',	'Sesi I',	'08:00:00',	'12:00:00',	120000.00,	1,	'2026-04-23 07:13:28',	'2026-05-02 13:32:59'),
(85,	4,	'SESI',	'Sesi II',	'12:00:00',	'18:00:00',	120000.00,	8,	'2026-04-23 07:13:28',	'2026-04-23 07:13:28'),
(86,	4,	'SESI',	'Sesi III',	'18:00:00',	'23:59:00',	150000.00,	8,	'2026-04-23 07:13:28',	'2026-04-23 07:13:28');

DROP TABLE IF EXISTS `tb_laporan`;
CREATE TABLE `tb_laporan` (
  `id` int NOT NULL AUTO_INCREMENT,
  `periode` varchar(191) CHARACTER SET utf8mb4 COLLATE utf8mb4_unicode_ci NOT NULL,
  `total_pendapatan` decimal(15,2) NOT NULL,
  `total_transaksi` int NOT NULL,
  `tanggal_generate` datetime(3) NOT NULL DEFAULT CURRENT_TIMESTAMP(3),
  PRIMARY KEY (`id`)
) ENGINE=InnoDB DEFAULT CHARSET=utf8mb4 COLLATE=utf8mb4_unicode_ci;


DROP TABLE IF EXISTS `tb_notifikasi`;
CREATE TABLE `tb_notifikasi` (
  `id` int NOT NULL AUTO_INCREMENT,
  `userId` int NOT NULL,
  `title` varchar(191) CHARACTER SET utf8mb4 COLLATE utf8mb4_unicode_ci NOT NULL,
  `message` text CHARACTER SET utf8mb4 COLLATE utf8mb4_unicode_ci NOT NULL,
  `type` enum('INFO','SUCCESS','WARNING','DANGER') CHARACTER SET utf8mb4 COLLATE utf8mb4_unicode_ci NOT NULL DEFAULT 'INFO',
  `isRead` tinyint(1) NOT NULL DEFAULT '0',
  `createdAt` datetime(3) NOT NULL DEFAULT CURRENT_TIMESTAMP(3),
  PRIMARY KEY (`id`),
  KEY `tb_notifikasi_userId_idx` (`userId`),
  CONSTRAINT `tb_notifikasi_userId_fkey` FOREIGN KEY (`userId`) REFERENCES `tb_user` (`id`) ON DELETE CASCADE ON UPDATE CASCADE
) ENGINE=InnoDB DEFAULT CHARSET=utf8mb4 COLLATE=utf8mb4_unicode_ci;

INSERT INTO `tb_notifikasi` (`id`, `userId`, `title`, `message`, `type`, `isRead`, `createdAt`) VALUES
(1,	16,	'Pembayaran Terverifikasi',	'Booking #131 Anda telah dikonfirmasi oleh Admin. Silakan cek detail unit Anda.',	'SUCCESS',	0,	'2026-05-02 22:16:22.976');

DROP TABLE IF EXISTS `tb_pembayaran`;
CREATE TABLE `tb_pembayaran` (
  `id` int NOT NULL AUTO_INCREMENT,
  `bookingId` int NOT NULL,
  `metode_pembayaran` varchar(191) CHARACTER SET utf8mb4 COLLATE utf8mb4_unicode_ci NOT NULL,
  `bukti_pembayaran` varchar(191) CHARACTER SET utf8mb4 COLLATE utf8mb4_unicode_ci DEFAULT NULL,
  `order_id` varchar(191) CHARACTER SET utf8mb4 COLLATE utf8mb4_unicode_ci DEFAULT NULL,
  `transaction_id` varchar(191) CHARACTER SET utf8mb4 COLLATE utf8mb4_unicode_ci DEFAULT NULL,
  `tanggal_bayar` datetime(3) NOT NULL DEFAULT CURRENT_TIMESTAMP(3),
  `status_verifikasi` tinyint(1) NOT NULL DEFAULT '0',
  `createdAt` datetime(3) NOT NULL DEFAULT CURRENT_TIMESTAMP(3),
  `updatedAt` datetime(3) NOT NULL,
  PRIMARY KEY (`id`),
  UNIQUE KEY `tb_pembayaran_bookingId_key` (`bookingId`),
  UNIQUE KEY `tb_pembayaran_order_id_key` (`order_id`),
  UNIQUE KEY `tb_pembayaran_transaction_id_key` (`transaction_id`),
  CONSTRAINT `tb_pembayaran_bookingId_fkey` FOREIGN KEY (`bookingId`) REFERENCES `tb_booking` (`id`) ON DELETE RESTRICT ON UPDATE CASCADE
) ENGINE=InnoDB DEFAULT CHARSET=utf8mb4 COLLATE=utf8mb4_unicode_ci;

INSERT INTO `tb_pembayaran` (`id`, `bookingId`, `metode_pembayaran`, `bukti_pembayaran`, `order_id`, `transaction_id`, `tanggal_bayar`, `status_verifikasi`, `createdAt`, `updatedAt`) VALUES
(1,	2,	'Transfer',	'/uploads/payments/demo_proof_verified.jpg',	NULL,	NULL,	'2026-02-25 13:55:16.206',	1,	'2026-02-25 13:55:16.206',	'2026-02-25 14:25:16.206'),
(2,	4,	'Transfer',	'/uploads/payments/demo_proof_verified.jpg',	NULL,	NULL,	'2026-02-25 09:17:44.374',	1,	'2026-02-25 09:17:44.374',	'2026-02-25 09:47:44.374'),
(3,	6,	'QRIS',	'/uploads/payments/demo_proof_verified.jpg',	NULL,	NULL,	'2026-01-09 16:05:44.533',	1,	'2026-01-09 16:05:44.533',	'2026-01-09 16:35:44.533'),
(4,	7,	'Transfer',	'/uploads/payments/demo_proof_verified.jpg',	NULL,	NULL,	'2026-02-22 13:16:48.182',	1,	'2026-02-22 13:16:48.182',	'2026-02-22 13:46:48.182'),
(5,	8,	'QRIS',	'/uploads/payments/demo_proof_verified.jpg',	NULL,	NULL,	'2026-03-28 09:16:40.532',	1,	'2026-03-28 09:16:40.532',	'2026-03-28 09:46:40.532'),
(6,	9,	'Transfer',	'/uploads/payments/demo_proof_verified.jpg',	NULL,	NULL,	'2026-03-11 04:01:25.194',	1,	'2026-03-11 04:01:25.194',	'2026-03-11 04:31:25.194'),
(7,	10,	'Transfer',	'/uploads/payments/demo_proof_verified.jpg',	NULL,	NULL,	'2026-04-25 22:31:34.233',	1,	'2026-04-25 22:31:34.233',	'2026-04-25 23:01:34.233'),
(8,	11,	'QRIS',	'/uploads/payments/demo_proof_verified.jpg',	NULL,	NULL,	'2026-02-28 14:25:27.386',	1,	'2026-02-28 14:25:27.386',	'2026-02-28 14:55:27.386'),
(9,	12,	'QRIS',	'/uploads/payments/demo_proof_verified.jpg',	NULL,	NULL,	'2026-01-04 09:34:11.020',	1,	'2026-01-04 09:34:11.020',	'2026-01-04 10:04:11.020'),
(10,	13,	'QRIS',	'/uploads/payments/demo_proof_verified.jpg',	NULL,	NULL,	'2026-03-29 18:19:20.475',	1,	'2026-03-29 18:19:20.475',	'2026-03-29 18:49:20.475'),
(11,	14,	'Transfer',	'/uploads/payments/demo_proof_verified.jpg',	NULL,	NULL,	'2026-03-23 04:33:25.443',	1,	'2026-03-23 04:33:25.443',	'2026-03-23 05:03:25.443'),
(12,	15,	'Transfer',	'/uploads/payments/demo_proof_verified.jpg',	NULL,	NULL,	'2026-02-26 11:22:42.738',	1,	'2026-02-26 11:22:42.738',	'2026-02-26 11:52:42.738'),
(13,	16,	'Transfer',	'/uploads/payments/demo_proof_verified.jpg',	NULL,	NULL,	'2026-01-23 17:41:23.205',	1,	'2026-01-23 17:41:23.205',	'2026-01-23 18:11:23.205'),
(14,	17,	'QRIS',	'/uploads/payments/demo_proof_verified.jpg',	NULL,	NULL,	'2026-01-06 11:38:28.257',	1,	'2026-01-06 11:38:28.257',	'2026-01-06 12:08:28.257'),
(15,	18,	'Transfer',	'/uploads/payments/demo_proof_verified.jpg',	NULL,	NULL,	'2026-02-04 04:25:44.991',	1,	'2026-02-04 04:25:44.991',	'2026-02-04 04:55:44.991'),
(16,	21,	'QRIS',	'/uploads/payments/demo_proof_verified.jpg',	NULL,	NULL,	'2026-04-20 09:40:18.174',	1,	'2026-04-20 09:40:18.174',	'2026-04-20 10:10:18.174'),
(17,	22,	'Transfer',	'/uploads/payments/demo_proof_verified.jpg',	NULL,	NULL,	'2026-02-24 08:11:54.665',	1,	'2026-02-24 08:11:54.665',	'2026-02-24 08:41:54.665'),
(18,	23,	'QRIS',	'/uploads/payments/demo_proof_verified.jpg',	NULL,	NULL,	'2026-03-01 01:35:21.664',	1,	'2026-03-01 01:35:21.664',	'2026-03-01 02:05:21.664'),
(19,	28,	'QRIS',	'/uploads/payments/demo_proof_verified.jpg',	NULL,	NULL,	'2026-03-08 02:17:44.532',	1,	'2026-03-08 02:17:44.532',	'2026-03-08 02:47:44.532'),
(20,	29,	'QRIS',	'/uploads/payments/demo_proof_verified.jpg',	NULL,	NULL,	'2026-01-05 04:08:06.558',	1,	'2026-01-05 04:08:06.558',	'2026-01-05 04:38:06.558'),
(21,	30,	'QRIS',	'/uploads/payments/demo_proof_verified.jpg',	NULL,	NULL,	'2026-03-31 15:06:55.876',	1,	'2026-03-31 15:06:55.876',	'2026-03-31 15:36:55.876'),
(22,	32,	'Transfer',	'/uploads/payments/demo_proof_verified.jpg',	NULL,	NULL,	'2026-02-03 22:34:34.558',	1,	'2026-02-03 22:34:34.558',	'2026-02-03 23:04:34.558'),
(23,	33,	'Transfer',	'/uploads/payments/demo_proof_verified.jpg',	NULL,	NULL,	'2026-01-19 01:39:35.275',	1,	'2026-01-19 01:39:35.275',	'2026-01-19 02:09:35.275'),
(24,	34,	'QRIS',	'/uploads/payments/demo_proof_verified.jpg',	NULL,	NULL,	'2026-04-04 09:13:57.528',	1,	'2026-04-04 09:13:57.528',	'2026-04-04 09:43:57.528'),
(25,	35,	'Transfer',	'/uploads/payments/demo_proof_verified.jpg',	NULL,	NULL,	'2026-04-25 03:15:21.159',	1,	'2026-04-25 03:15:21.159',	'2026-04-25 03:45:21.159'),
(26,	37,	'Transfer',	'/uploads/payments/demo_proof_verified.jpg',	NULL,	NULL,	'2026-03-17 08:08:10.766',	1,	'2026-03-17 08:08:10.766',	'2026-03-17 08:38:10.766'),
(27,	39,	'QRIS',	'/uploads/payments/demo_proof_verified.jpg',	NULL,	NULL,	'2026-04-28 06:42:28.230',	1,	'2026-04-28 06:42:28.230',	'2026-04-28 07:12:28.230'),
(28,	41,	'QRIS',	'/uploads/payments/demo_proof_verified.jpg',	NULL,	NULL,	'2026-04-24 05:09:09.887',	1,	'2026-04-24 05:09:09.887',	'2026-04-24 05:39:09.887'),
(29,	43,	'QRIS',	'/uploads/payments/demo_proof_verified.jpg',	NULL,	NULL,	'2026-01-18 11:58:56.017',	1,	'2026-01-18 11:58:56.017',	'2026-01-18 12:28:56.017'),
(30,	44,	'Transfer',	'/uploads/payments/demo_proof_verified.jpg',	NULL,	NULL,	'2026-02-24 08:19:36.230',	1,	'2026-02-24 08:19:36.230',	'2026-02-24 08:49:36.230'),
(31,	45,	'QRIS',	'/uploads/payments/demo_proof_verified.jpg',	NULL,	NULL,	'2026-01-31 16:54:50.973',	1,	'2026-01-31 16:54:50.973',	'2026-01-31 17:24:50.973'),
(32,	46,	'Transfer',	'/uploads/payments/demo_proof_verified.jpg',	NULL,	NULL,	'2026-03-15 15:45:26.989',	1,	'2026-03-15 15:45:26.989',	'2026-03-15 16:15:26.989'),
(33,	47,	'Transfer',	'/uploads/payments/demo_proof_verified.jpg',	NULL,	NULL,	'2026-03-12 04:40:19.530',	1,	'2026-03-12 04:40:19.530',	'2026-03-12 05:10:19.530'),
(34,	49,	'QRIS',	'/uploads/payments/demo_proof_verified.jpg',	NULL,	NULL,	'2026-03-10 15:00:36.948',	1,	'2026-03-10 15:00:36.948',	'2026-03-10 15:30:36.948'),
(35,	51,	'QRIS',	'/uploads/payments/demo_proof_verified.jpg',	NULL,	NULL,	'2026-03-04 13:27:13.036',	1,	'2026-03-04 13:27:13.036',	'2026-03-04 13:57:13.036'),
(36,	52,	'QRIS',	'/uploads/payments/demo_proof_verified.jpg',	NULL,	NULL,	'2026-02-11 21:01:38.400',	1,	'2026-02-11 21:01:38.400',	'2026-02-11 21:31:38.400'),
(37,	53,	'Transfer',	'/uploads/payments/demo_proof_verified.jpg',	NULL,	NULL,	'2026-01-29 03:15:26.063',	1,	'2026-01-29 03:15:26.063',	'2026-01-29 03:45:26.063'),
(38,	54,	'Transfer',	'/uploads/payments/demo_proof_verified.jpg',	NULL,	NULL,	'2026-02-03 19:06:53.829',	1,	'2026-02-03 19:06:53.829',	'2026-02-03 19:36:53.829'),
(39,	56,	'QRIS',	'/uploads/payments/demo_proof_verified.jpg',	NULL,	NULL,	'2026-03-06 01:53:59.456',	1,	'2026-03-06 01:53:59.456',	'2026-03-06 02:23:59.456'),
(40,	57,	'QRIS',	'/uploads/payments/demo_proof_verified.jpg',	NULL,	NULL,	'2026-03-22 04:50:22.160',	1,	'2026-03-22 04:50:22.160',	'2026-03-22 05:20:22.160'),
(41,	58,	'Transfer',	'/uploads/payments/demo_proof_verified.jpg',	NULL,	NULL,	'2026-01-05 09:58:09.653',	1,	'2026-01-05 09:58:09.653',	'2026-01-05 10:28:09.653'),
(42,	59,	'Transfer',	'/uploads/payments/demo_proof_verified.jpg',	NULL,	NULL,	'2026-03-17 21:07:47.866',	1,	'2026-03-17 21:07:47.866',	'2026-03-17 21:37:47.866'),
(43,	60,	'QRIS',	'/uploads/payments/demo_proof_verified.jpg',	NULL,	NULL,	'2026-01-28 05:52:32.121',	1,	'2026-01-28 05:52:32.121',	'2026-01-28 06:22:32.121'),
(44,	61,	'Transfer',	'/uploads/payments/demo_proof_verified.jpg',	NULL,	NULL,	'2026-03-29 17:49:39.435',	1,	'2026-03-29 17:49:39.435',	'2026-03-29 18:19:39.435'),
(45,	62,	'Transfer',	'/uploads/payments/demo_proof_verified.jpg',	NULL,	NULL,	'2026-03-10 20:47:26.904',	1,	'2026-03-10 20:47:26.904',	'2026-03-10 21:17:26.904'),
(46,	63,	'QRIS',	'/uploads/payments/demo_proof_verified.jpg',	NULL,	NULL,	'2026-02-22 22:49:23.173',	1,	'2026-02-22 22:49:23.173',	'2026-02-22 23:19:23.173'),
(47,	64,	'QRIS',	'/uploads/payments/demo_proof_verified.jpg',	NULL,	NULL,	'2026-02-11 14:40:50.224',	1,	'2026-02-11 14:40:50.224',	'2026-02-11 15:10:50.224'),
(48,	67,	'QRIS',	'/uploads/payments/demo_proof_verified.jpg',	NULL,	NULL,	'2026-03-30 05:28:21.310',	1,	'2026-03-30 05:28:21.310',	'2026-03-30 05:58:21.310'),
(49,	68,	'Transfer',	'/uploads/payments/demo_proof_verified.jpg',	NULL,	NULL,	'2026-03-22 17:28:11.746',	1,	'2026-03-22 17:28:11.746',	'2026-03-22 17:58:11.746'),
(50,	71,	'QRIS',	'/uploads/payments/demo_proof_verified.jpg',	NULL,	NULL,	'2026-03-21 15:08:37.731',	1,	'2026-03-21 15:08:37.731',	'2026-03-21 15:38:37.731'),
(51,	72,	'QRIS',	'/uploads/payments/demo_proof_verified.jpg',	NULL,	NULL,	'2026-02-26 00:13:28.972',	1,	'2026-02-26 00:13:28.972',	'2026-02-26 00:43:28.972'),
(52,	73,	'QRIS',	'/uploads/payments/demo_proof_verified.jpg',	NULL,	NULL,	'2026-03-17 20:27:15.896',	1,	'2026-03-17 20:27:15.896',	'2026-03-17 20:57:15.896'),
(53,	74,	'Transfer',	'/uploads/payments/demo_proof_verified.jpg',	NULL,	NULL,	'2026-01-30 09:16:06.957',	1,	'2026-01-30 09:16:06.957',	'2026-01-30 09:46:06.957'),
(54,	75,	'Transfer',	'/uploads/payments/demo_proof_verified.jpg',	NULL,	NULL,	'2026-03-11 20:46:30.301',	1,	'2026-03-11 20:46:30.301',	'2026-03-11 21:16:30.301'),
(55,	80,	'Transfer',	'/uploads/payments/demo_proof_verified.jpg',	NULL,	NULL,	'2026-01-25 05:33:44.007',	1,	'2026-01-25 05:33:44.007',	'2026-01-25 06:03:44.007'),
(56,	83,	'QRIS',	'/uploads/payments/demo_proof_verified.jpg',	NULL,	NULL,	'2026-04-20 21:35:19.907',	1,	'2026-04-20 21:35:19.907',	'2026-04-20 22:05:19.907'),
(57,	84,	'QRIS',	'/uploads/payments/demo_proof_verified.jpg',	NULL,	NULL,	'2026-03-18 20:32:30.154',	1,	'2026-03-18 20:32:30.154',	'2026-03-18 21:02:30.154'),
(58,	85,	'QRIS',	'/uploads/payments/demo_proof_verified.jpg',	NULL,	NULL,	'2026-04-07 10:41:23.053',	1,	'2026-04-07 10:41:23.053',	'2026-04-07 11:11:23.053'),
(59,	86,	'QRIS',	'/uploads/payments/demo_proof_verified.jpg',	NULL,	NULL,	'2026-01-14 19:57:53.152',	1,	'2026-01-14 19:57:53.152',	'2026-01-14 20:27:53.152'),
(60,	87,	'Transfer',	'/uploads/payments/demo_proof_verified.jpg',	NULL,	NULL,	'2026-01-14 15:41:08.254',	1,	'2026-01-14 15:41:08.254',	'2026-01-14 16:11:08.254'),
(61,	88,	'QRIS',	'/uploads/payments/demo_proof_verified.jpg',	NULL,	NULL,	'2026-01-08 20:04:41.752',	1,	'2026-01-08 20:04:41.752',	'2026-01-08 20:34:41.752'),
(62,	89,	'QRIS',	'/uploads/payments/demo_proof_verified.jpg',	NULL,	NULL,	'2026-03-05 00:22:54.970',	1,	'2026-03-05 00:22:54.970',	'2026-03-05 00:52:54.970'),
(63,	90,	'Transfer',	'/uploads/payments/demo_proof_verified.jpg',	NULL,	NULL,	'2026-03-31 00:14:09.883',	1,	'2026-03-31 00:14:09.883',	'2026-03-31 00:44:09.883'),
(64,	91,	'Transfer',	'/uploads/payments/demo_proof_verified.jpg',	NULL,	NULL,	'2026-01-04 06:07:59.786',	1,	'2026-01-04 06:07:59.786',	'2026-01-04 06:37:59.786'),
(65,	92,	'Transfer',	'/uploads/payments/demo_proof_verified.jpg',	NULL,	NULL,	'2026-02-22 08:54:15.115',	1,	'2026-02-22 08:54:15.115',	'2026-02-22 09:24:15.115'),
(66,	93,	'QRIS',	'/uploads/payments/demo_proof_verified.jpg',	NULL,	NULL,	'2026-01-17 09:39:44.620',	1,	'2026-01-17 09:39:44.620',	'2026-01-17 10:09:44.620'),
(67,	94,	'Transfer',	'/uploads/payments/demo_proof_verified.jpg',	NULL,	NULL,	'2026-03-17 01:54:43.419',	1,	'2026-03-17 01:54:43.419',	'2026-03-17 02:24:43.419'),
(68,	95,	'QRIS',	'/uploads/payments/demo_proof_verified.jpg',	NULL,	NULL,	'2026-02-03 06:19:10.602',	1,	'2026-02-03 06:19:10.602',	'2026-02-03 06:49:10.602'),
(69,	96,	'QRIS',	'/uploads/payments/demo_proof_verified.jpg',	NULL,	NULL,	'2026-03-21 22:20:15.644',	1,	'2026-03-21 22:20:15.644',	'2026-03-21 22:50:15.644'),
(70,	97,	'QRIS',	'/uploads/payments/demo_proof_verified.jpg',	NULL,	NULL,	'2026-01-16 18:15:21.148',	1,	'2026-01-16 18:15:21.148',	'2026-01-16 18:45:21.148'),
(71,	98,	'QRIS',	'/uploads/payments/demo_proof_verified.jpg',	NULL,	NULL,	'2026-04-05 03:37:27.310',	1,	'2026-04-05 03:37:27.310',	'2026-04-05 04:07:27.310'),
(72,	99,	'QRIS',	'/uploads/payments/demo_proof_verified.jpg',	NULL,	NULL,	'2026-02-13 00:39:04.004',	1,	'2026-02-13 00:39:04.004',	'2026-02-13 01:09:04.004'),
(73,	100,	'Transfer',	'/uploads/payments/demo_proof_verified.jpg',	NULL,	NULL,	'2026-03-26 02:46:30.942',	1,	'2026-03-26 02:46:30.942',	'2026-03-26 03:16:30.942'),
(74,	101,	'Transfer',	'/uploads/payments/demo_proof_verified.jpg',	NULL,	NULL,	'2026-01-24 07:39:54.012',	1,	'2026-01-24 07:39:54.012',	'2026-01-24 08:09:54.012'),
(75,	102,	'Transfer',	'/uploads/payments/demo_proof_verified.jpg',	NULL,	NULL,	'2026-02-21 17:49:13.323',	1,	'2026-02-21 17:49:13.323',	'2026-02-21 18:19:13.323'),
(76,	103,	'QRIS',	'/uploads/payments/demo_proof_verified.jpg',	NULL,	NULL,	'2026-01-15 20:51:49.558',	1,	'2026-01-15 20:51:49.558',	'2026-01-15 21:21:49.558'),
(77,	104,	'Transfer',	'/uploads/payments/demo_proof_verified.jpg',	NULL,	NULL,	'2026-02-23 16:33:35.620',	1,	'2026-02-23 16:33:35.620',	'2026-02-23 17:03:35.620'),
(78,	106,	'QRIS',	'/uploads/payments/demo_proof_verified.jpg',	NULL,	NULL,	'2026-01-30 00:57:03.275',	1,	'2026-01-30 00:57:03.275',	'2026-01-30 01:27:03.275'),
(79,	112,	'QRIS',	'/uploads/payments/demo_proof_verified.jpg',	NULL,	NULL,	'2026-02-02 21:23:11.627',	1,	'2026-02-02 21:23:11.627',	'2026-02-02 21:53:11.627'),
(80,	114,	'Transfer',	'/uploads/payments/demo_proof_verified.jpg',	NULL,	NULL,	'2026-01-13 05:19:13.491',	1,	'2026-01-13 05:19:13.491',	'2026-01-13 05:49:13.491'),
(81,	116,	'Transfer',	'/uploads/payments/demo_proof_verified.jpg',	NULL,	NULL,	'2026-04-06 06:00:36.693',	1,	'2026-04-06 06:00:36.693',	'2026-04-06 06:30:36.693'),
(82,	117,	'QRIS',	'/uploads/payments/demo_proof_verified.jpg',	NULL,	NULL,	'2026-04-17 22:29:04.853',	1,	'2026-04-17 22:29:04.853',	'2026-04-17 22:59:04.853'),
(83,	118,	'QRIS',	'/uploads/payments/demo_proof_verified.jpg',	NULL,	NULL,	'2026-04-16 17:15:39.844',	1,	'2026-04-16 17:15:39.844',	'2026-04-16 17:45:39.844'),
(84,	119,	'QRIS',	'/uploads/payments/demo_proof_verified.jpg',	NULL,	NULL,	'2026-03-27 06:29:28.438',	1,	'2026-03-27 06:29:28.438',	'2026-03-27 06:59:28.438'),
(85,	121,	'QRIS',	'/uploads/payments/demo_proof_verified.jpg',	NULL,	NULL,	'2026-05-03 18:56:41.216',	1,	'2026-05-03 18:56:41.216',	'2026-05-03 19:26:41.216'),
(86,	122,	'Transfer',	'/uploads/payments/demo_proof_verified.jpg',	NULL,	NULL,	'2026-05-04 11:35:28.395',	1,	'2026-05-04 11:35:28.395',	'2026-05-04 12:05:28.395'),
(87,	123,	'QRIS',	'/uploads/payments/demo_proof_verified.jpg',	NULL,	NULL,	'2026-05-02 23:00:33.850',	1,	'2026-05-02 23:00:33.850',	'2026-05-02 23:30:33.850'),
(88,	124,	'Transfer',	'/uploads/payments/demo_proof_verified.jpg',	NULL,	NULL,	'2026-05-01 08:05:03.886',	1,	'2026-05-01 08:05:03.886',	'2026-05-01 08:35:03.886'),
(89,	131,	'Transfer',	'/uploads/payments/demo_proof_verified.jpg',	NULL,	NULL,	'2026-05-01 20:28:40.729',	1,	'2026-05-01 20:28:40.729',	'2026-05-02 22:16:22.000'),
(90,	135,	'Transfer',	'/uploads/payments/demo_proof_verified.jpg',	NULL,	NULL,	'2026-05-04 17:05:27.057',	1,	'2026-05-04 17:05:27.057',	'2026-05-04 17:35:27.057'),
(91,	136,	'Transfer',	'/uploads/payments/demo_proof_verified.jpg',	NULL,	NULL,	'2026-05-03 09:33:30.529',	1,	'2026-05-03 09:33:30.529',	'2026-05-03 10:03:30.529'),
(92,	139,	'Transfer',	'/uploads/payments/demo_proof_verified.jpg',	NULL,	NULL,	'2026-05-01 02:35:03.615',	1,	'2026-05-01 02:35:03.615',	'2026-05-01 03:05:03.615'),
(93,	141,	'Transfer',	'/uploads/payments/demo_proof_verified.jpg',	NULL,	NULL,	'2026-05-02 18:45:02.670',	1,	'2026-05-02 18:45:02.670',	'2026-05-02 19:15:02.670'),
(94,	142,	'Transfer',	'/uploads/payments/demo_proof_verified.jpg',	NULL,	NULL,	'2026-05-02 05:57:28.680',	1,	'2026-05-02 05:57:28.680',	'2026-05-02 06:27:28.680');

DROP TABLE IF EXISTS `tb_rekening`;
CREATE TABLE `tb_rekening` (
  `id` int NOT NULL AUTO_INCREMENT,
  `nama_bank` varchar(50) CHARACTER SET utf8mb4 COLLATE utf8mb4_unicode_ci NOT NULL COMMENT 'Contoh: BANK SUMSEL BABEL, QRIS',
  `nomor_rekening` varchar(100) CHARACTER SET utf8mb4 COLLATE utf8mb4_unicode_ci NOT NULL COMMENT 'Nomor rekening atau instruksi pembayaran',
  `atas_nama` varchar(100) CHARACTER SET utf8mb4 COLLATE utf8mb4_unicode_ci NOT NULL COMMENT 'Atas nama pemegang rekening',
  `is_qris` tinyint(1) DEFAULT '0' COMMENT 'Tandai jika metode ini adalah QRIS',
  `qris_image_path` varchar(255) CHARACTER SET utf8mb4 COLLATE utf8mb4_unicode_ci DEFAULT NULL,
  `is_active` tinyint(1) DEFAULT '1' COMMENT 'Hanya yang aktif yang muncul di aplikasi penyewa',
  `createdAt` datetime DEFAULT CURRENT_TIMESTAMP,
  `updatedAt` datetime DEFAULT CURRENT_TIMESTAMP ON UPDATE CURRENT_TIMESTAMP,
  PRIMARY KEY (`id`)
) ENGINE=InnoDB DEFAULT CHARSET=utf8mb4 COLLATE=utf8mb4_unicode_ci;

INSERT INTO `tb_rekening` (`id`, `nama_bank`, `nomor_rekening`, `atas_nama`, `is_qris`, `qris_image_path`, `is_active`, `createdAt`, `updatedAt`) VALUES
(3,	'QRIS',	'Pembayaran Penyewaan Lapangan',	'DISPORA Palembang',	1,	'/uploads/qris/qris-1778921692838.jpeg',	1,	'2026-04-25 17:44:48',	'2026-05-16 15:54:52');

DROP TABLE IF EXISTS `tb_user`;
CREATE TABLE `tb_user` (
  `id` int NOT NULL AUTO_INCREMENT,
  `nama` varchar(191) CHARACTER SET utf8mb4 COLLATE utf8mb4_unicode_ci NOT NULL,
  `email` varchar(191) CHARACTER SET utf8mb4 COLLATE utf8mb4_unicode_ci NOT NULL,
  `password` varchar(191) CHARACTER SET utf8mb4 COLLATE utf8mb4_unicode_ci NOT NULL,
  `no_telp` varchar(191) CHARACTER SET utf8mb4 COLLATE utf8mb4_unicode_ci DEFAULT NULL,
  `alamat` text CHARACTER SET utf8mb4 COLLATE utf8mb4_unicode_ci,
  `role` enum('PENYEWA','ADMIN','PIMPINAN') CHARACTER SET utf8mb4 COLLATE utf8mb4_unicode_ci NOT NULL DEFAULT 'PENYEWA',
  `status_akun` tinyint(1) NOT NULL DEFAULT '0',
  `createdAt` datetime(3) NOT NULL DEFAULT CURRENT_TIMESTAMP(3),
  `updatedAt` datetime(3) DEFAULT NULL,
  PRIMARY KEY (`id`),
  UNIQUE KEY `tb_user_email_key` (`email`)
) ENGINE=InnoDB DEFAULT CHARSET=utf8mb4 COLLATE=utf8mb4_unicode_ci;

INSERT INTO `tb_user` (`id`, `nama`, `email`, `password`, `no_telp`, `alamat`, `role`, `status_akun`, `createdAt`, `updatedAt`) VALUES
(1,	'Admin Dispora',	'dispora@palembang.go.id',	'$2b$10$.GFEU2EKuh8LZ0hMMfgpAOe5h77f0Zhlns5hJzg3gY6t6jJGkdJ4q',	'0711-352271',	'',	'ADMIN',	1,	'2026-04-21 19:04:54.577',	NULL),
(2,	'Budi Santoso',	'budi@gmail.com',	'$2b$10$rLnOyYWrP6TwxIeBZa7BEOx53CtAnvWgfcT6GGW5bNjIWU8nhCL8e',	'081234567890',	'Jl. Merdeka No. 10, Palembang',	'PENYEWA',	1,	'2026-05-02 21:53:30.627',	NULL),
(3,	'Susi Susanti',	'susi@gmail.com',	'$2b$10$rLnOyYWrP6TwxIeBZa7BEOx53CtAnvWgfcT6GGW5bNjIWU8nhCL8e',	'081234567891',	'Jl. Sudirman No. 5, Palembang',	'PENYEWA',	1,	'2026-05-02 21:53:30.630',	NULL),
(4,	'Alan Budikusuma',	'alan@gmail.com',	'$2b$10$rLnOyYWrP6TwxIeBZa7BEOx53CtAnvWgfcT6GGW5bNjIWU8nhCL8e',	'081234567892',	'Kertapati, Palembang',	'PENYEWA',	1,	'2026-05-02 21:53:30.633',	NULL),
(5,	'Novi Novi Usada',	'novi5@gmail.com',	'$2b$10$rLnOyYWrP6TwxIeBZa7BEOx53CtAnvWgfcT6GGW5bNjIWU8nhCL8e',	'0602 1497 178',	'Gg. Agustina no 1, Palembang',	'PENYEWA',	1,	'2026-05-02 21:53:30.635',	NULL),
(6,	'Uwais Asirwada',	'uwais6@gmail.com',	'$2b$10$rLnOyYWrP6TwxIeBZa7BEOx53CtAnvWgfcT6GGW5bNjIWU8nhCL8e',	'0581 2946 604',	'Ds. Simanjuntak no 15, Palembang',	'PENYEWA',	1,	'2026-05-02 21:53:30.638',	NULL),
(7,	'Ajimat Bagaskara',	'ajimat7@gmail.com',	'$2b$10$rLnOyYWrP6TwxIeBZa7BEOx53CtAnvWgfcT6GGW5bNjIWU8nhCL8e',	'(+62) 843 889 763',	'Psr. Naura no 78, Palembang',	'PENYEWA',	1,	'2026-05-02 21:53:30.640',	NULL),
(8,	'Sartika Susanti',	'sartika8@gmail.com',	'$2b$10$rLnOyYWrP6TwxIeBZa7BEOx53CtAnvWgfcT6GGW5bNjIWU8nhCL8e',	'(+62) 788 9986 406',	'Kpg. Diana no 37, Palembang',	'PENYEWA',	1,	'2026-05-02 21:53:30.642',	NULL),
(9,	'Wahyu Mandala',	'wahyu9@gmail.com',	'$2b$10$rLnOyYWrP6TwxIeBZa7BEOx53CtAnvWgfcT6GGW5bNjIWU8nhCL8e',	'(+62) 834 984 494',	'Jr. Lurhur no 8, Palembang',	'PENYEWA',	1,	'2026-05-02 21:53:30.645',	NULL),
(10,	'Ade Maharani',	'ade10@gmail.com',	'$2b$10$rLnOyYWrP6TwxIeBZa7BEOx53CtAnvWgfcT6GGW5bNjIWU8nhCL8e',	'0418 5124 165',	'Ki. Natsir no 6, Palembang',	'PENYEWA',	1,	'2026-05-02 21:53:30.647',	NULL),
(11,	'Halima Utami',	'halima11@gmail.com',	'$2b$10$rLnOyYWrP6TwxIeBZa7BEOx53CtAnvWgfcT6GGW5bNjIWU8nhCL8e',	'0351 4289 3588',	'Kpg. Wastuti no 1, Palembang',	'PENYEWA',	1,	'2026-05-02 21:53:30.649',	NULL),
(12,	'Ivan Ahmad',	'ivan12@gmail.com',	'$2b$10$rLnOyYWrP6TwxIeBZa7BEOx53CtAnvWgfcT6GGW5bNjIWU8nhCL8e',	'0493 7575 9010',	'Ki. Kuswandari no 93, Palembang',	'PENYEWA',	1,	'2026-05-02 21:53:30.651',	NULL),
(13,	'Pia Pia Utami',	'pia13@gmail.com',	'$2b$10$rLnOyYWrP6TwxIeBZa7BEOx53CtAnvWgfcT6GGW5bNjIWU8nhCL8e',	'0821 7228 0114',	'Jr. Purwanti no 43, Palembang',	'PENYEWA',	1,	'2026-05-02 21:53:30.653',	NULL),
(14,	'Clara Clara Jelita',	'clara14@gmail.com',	'$2b$10$rLnOyYWrP6TwxIeBZa7BEOx53CtAnvWgfcT6GGW5bNjIWU8nhCL8e',	'(+62) 394 6087 2307',	'Ds. Pratiwi no 86, Palembang',	'PENYEWA',	1,	'2026-05-02 21:53:30.656',	NULL),
(15,	'Hendra Simbolon',	'hendra15@gmail.com',	'$2b$10$rLnOyYWrP6TwxIeBZa7BEOx53CtAnvWgfcT6GGW5bNjIWU8nhCL8e',	'0734 8318 3203',	'Ds. Rama no 93, Palembang',	'PENYEWA',	1,	'2026-05-02 21:53:30.658',	NULL),
(16,	'Yuliarti Salimah',	'yuliarti16@gmail.com',	'$2b$10$rLnOyYWrP6TwxIeBZa7BEOx53CtAnvWgfcT6GGW5bNjIWU8nhCL8e',	'(+62) 732 5225 182',	'Jln. Luthfi no 26, Palembang',	'PENYEWA',	1,	'2026-05-02 21:53:30.660',	NULL),
(17,	'Ulva Padmasari',	'ulva17@gmail.com',	'$2b$10$rLnOyYWrP6TwxIeBZa7BEOx53CtAnvWgfcT6GGW5bNjIWU8nhCL8e',	'022 6189 611',	'Jln. Chelsea no 63, Palembang',	'PENYEWA',	1,	'2026-05-02 21:53:30.662',	NULL),
(18,	'Febrianti Hesti',	'febrianti18@gmail.com',	'$2b$10$rLnOyYWrP6TwxIeBZa7BEOx53CtAnvWgfcT6GGW5bNjIWU8nhCL8e',	'(+62) 350 7933 6966',	'Jr. Aswandi no 5, Palembang',	'PENYEWA',	1,	'2026-05-02 21:53:30.665',	NULL),
(19,	'Pranowo Luthfi',	'pranowo19@gmail.com',	'$2b$10$rLnOyYWrP6TwxIeBZa7BEOx53CtAnvWgfcT6GGW5bNjIWU8nhCL8e',	'(+62) 909 8548 0947',	'Jln. Manullang no 1, Palembang',	'PENYEWA',	1,	'2026-05-02 21:53:30.667',	NULL),
(20,	'Hermawan Ajimat',	'hermawan20@gmail.com',	'$2b$10$rLnOyYWrP6TwxIeBZa7BEOx53CtAnvWgfcT6GGW5bNjIWU8nhCL8e',	'(+62) 637 9367 1871',	'Jr. Jamalia no 2, Palembang',	'PENYEWA',	1,	'2026-05-02 21:53:30.669',	NULL),
(21,	'Ulya Ulya Farida',	'ulya21@gmail.com',	'$2b$10$rLnOyYWrP6TwxIeBZa7BEOx53CtAnvWgfcT6GGW5bNjIWU8nhCL8e',	'0613 4263 099',	'Jln. Purwanto no 1, Palembang',	'PENYEWA',	1,	'2026-05-02 21:53:30.671',	NULL),
(22,	'Rahmat Ahmad',	'rahmat22@gmail.com',	'$2b$10$rLnOyYWrP6TwxIeBZa7BEOx53CtAnvWgfcT6GGW5bNjIWU8nhCL8e',	'(+62) 531 5988 758',	'Ki. Rachmawati no 5, Palembang',	'PENYEWA',	1,	'2026-05-02 21:53:30.674',	NULL),
(23,	'Garda Garda Perdana',	'garda23@gmail.com',	'$2b$10$rLnOyYWrP6TwxIeBZa7BEOx53CtAnvWgfcT6GGW5bNjIWU8nhCL8e',	'(+62) 27 5522 160',	'Ds. Purwadi no 6, Palembang',	'PENYEWA',	1,	'2026-05-02 21:53:30.676',	NULL),
(24,	'Vania Vania Yuliarti',	'vania24@gmail.com',	'$2b$10$rLnOyYWrP6TwxIeBZa7BEOx53CtAnvWgfcT6GGW5bNjIWU8nhCL8e',	'0346 4426 8579',	'Jr. Genta no 43, Palembang',	'PENYEWA',	1,	'2026-05-02 21:53:30.678',	NULL),
(25,	'Darojat Yusuf',	'darojat25@gmail.com',	'$2b$10$rLnOyYWrP6TwxIeBZa7BEOx53CtAnvWgfcT6GGW5bNjIWU8nhCL8e',	'(+62) 29 4525 275',	'Jln. Purnawarman no 1, Palembang',	'PENYEWA',	1,	'2026-05-02 21:53:30.680',	NULL),
(999,	'Kepala Dinas',	'pimpinan.dispora@palembang.go.id',	'$2b$10$rLnOyYWrP6TwxIeBZa7BEOx53CtAnvWgfcT6GGW5bNjIWU8nhCL8e',	'08111222333',	'Dispora Palembang',	'PIMPINAN',	1,	'2026-05-02 21:53:30.683',	NULL);

-- 2026-05-16 09:59:57 UTC
